ctime,schemaname,relname,seq_scan,seq_tup_read,idx_scan,idx_tup_fetch,n_tup_ins,n_tup_upd,n_tup_del,n_tup_hot_upd,n_live_tup,n_dead_tup,heap_blks_read,heap_blks_hit,idx_blks_read,idx_blks_hit,toast_blks_read,toast_blks_hit,tidx_blks_read,tidx_blks_hit
1415206097.90552,pg_catalog,pg_auth_members,0,0,0,0,0,0,0,0,0,0,0,0,0,0,,,,
1415206097.90552,pg_catalog,pg_operator,0,0,762,1936,0,0,0,0,0,0,16,1502,15,1730,,,,
1415206097.90552,pg_catalog,pg_aggregate,0,0,48,48,0,0,0,0,0,0,1,47,2,86,,,,
1415206097.90552,pg_catalog,pg_pltemplate,0,0,0,0,0,0,0,0,0,0,0,0,0,0,,,,
1415206097.90552,public,lineitem,17,539874468,56,56,59986052,0,0,0,59985872,0,9987713,3274661,16,223,,,,
1415206097.90552,pg_toast,pg_toast_11615,0,0,0,0,0,0,0,0,0,0,0,0,0,0,,,,
1415206097.90552,public,supplier,8,400000,40,40,100000,0,0,0,100000,0,2312,15688,4,83,,,,
1415206097.90552,pg_catalog,pg_description,0,0,4,0,0,0,0,0,0,0,0,0,3,6,0,0,0,0
1415206097.90552,pg_catalog,pg_language,0,0,0,0,0,0,0,0,0,0,0,0,0,0,,,,
1415206097.90552,public,part,9,12000000,26,26,2000000,0,0,0,2000000,0,79007,327741,6,80,,,,
1415206097.90552,pg_catalog,pg_ts_parser,0,0,0,0,0,0,0,0,0,0,0,0,0,0,,,,
1415206097.90552,pg_catalog,pg_shseclabel,0,0,0,0,0,0,0,0,0,0,0,0,0,0,,,,
1415206097.90552,public,customer,9,9000000,28,28,1500000,0,0,0,1500000,0,68533,294885,6,86,,,,
1415206097.90552,pg_catalog,pg_foreign_table,0,0,0,0,0,0,0,0,0,0,0,0,0,0,,,,
1415206097.90552,pg_toast,pg_toast_11620,0,0,0,0,0,0,0,0,0,0,0,0,0,0,,,,
1415206097.90552,pg_catalog,pg_attrdef,0,0,0,0,0,0,0,0,0,0,0,0,0,0,0,0,0,0
1415206097.90552,pg_catalog,pg_ts_template,0,0,0,0,0,0,0,0,0,0,0,0,0,0,,,,
1415206097.90552,pg_catalog,pg_foreign_server,0,0,0,0,0,0,0,0,0,0,0,0,0,0,,,,
1415206097.90552,pg_catalog,pg_default_acl,0,0,44,0,0,0,0,0,0,0,0,0,1,43,,,,
1415206097.90552,pg_toast,pg_toast_11595,0,0,0,0,0,0,0,0,0,0,0,0,0,0,,,,
1415206097.90552,public,time_statistics,1,1,,,4,1,0,1,4,1,2,4,,,,,,
1415206097.90552,information_schema,sql_packages,0,0,,,0,0,0,0,0,0,0,0,,,0,0,0,0
1415206097.90552,pg_catalog,pg_attribute,33,219,5149,10480,180,10,2,2,178,10,53,5963,17,11293,,,,
1415206097.90552,pg_catalog,pg_statistic,0,0,804,623,63,0,0,0,63,0,24,730,7,1852,61,710,2,543
1415206097.90552,pg_toast,pg_toast_2618,0,0,76,246,0,0,0,0,0,0,9,123,4,112,,,,
1415206097.90552,pg_toast,pg_toast_3596,0,0,0,0,0,0,0,0,0,0,0,0,0,0,,,,
1415206097.90552,information_schema,sql_features,0,0,,,0,0,0,0,0,0,0,0,,,0,0,0,0
1415206097.90552,pg_catalog,pg_depend,0,0,352,332,99,0,9,0,90,9,19,505,21,1157,,,,
1415206097.90552,pg_toast,pg_toast_11605,0,0,0,0,0,0,0,0,0,0,0,0,0,0,,,,
1415206097.90552,pg_catalog,pg_opclass,6,6,906,10062,0,0,0,0,0,0,4,3215,8,1225,,,,
1415206097.90552,pg_catalog,pg_proc,0,0,1744,2585,0,0,0,0,0,0,39,2016,28,3811,0,0,0,0
1415206097.90552,pg_catalog,pg_trigger,0,0,0,0,0,0,0,0,0,0,0,0,0,0,0,0,0,0
1415206097.90552,information_schema,sql_languages,0,0,,,0,0,0,0,0,0,0,0,,,0,0,0,0
1415206097.90552,pg_catalog,pg_am,242,242,0,0,0,0,0,0,0,0,2,240,0,0,,,,
1415206097.90552,pg_catalog,pg_largeobject_metadata,0,0,0,0,0,0,0,0,0,0,0,0,0,0,,,,
1415206097.90552,pg_catalog,pg_ts_config_map,0,0,0,0,0,0,0,0,0,0,0,0,0,0,,,,
1415206097.90552,pg_catalog,pg_type,0,0,2576,2525,21,0,2,0,19,2,11,2570,11,2927,,,,
1415206097.90552,information_schema,sql_sizing_profiles,0,0,,,0,0,0,0,0,0,0,0,,,0,0,0,0
1415206097.90552,pg_catalog,pg_shdepend,0,0,17,12,0,0,0,0,0,0,1,11,4,27,,,,
1415206097.90552,pg_catalog,pg_conversion,0,0,0,0,0,0,0,0,0,0,0,0,0,0,,,,
1415206097.90552,pg_catalog,pg_foreign_data_wrapper,0,0,0,0,0,0,0,0,0,0,0,0,0,0,,,,
1415206097.90552,pg_catalog,pg_opfamily,0,0,0,0,0,0,0,0,0,0,0,0,0,0,,,,
1415206097.90552,pg_catalog,pg_shdescription,0,0,0,0,0,0,0,0,0,0,0,0,0,0,0,0,0,0
1415206097.90552,pg_catalog,pg_tablespace,2,4,118,118,0,0,0,0,0,0,3,117,6,230,,,,
1415206097.90552,pg_catalog,pg_inherits,0,0,1,0,0,0,0,0,0,0,0,0,1,0,,,,
1415206097.90552,pg_toast,pg_toast_2606,0,0,0,0,0,0,0,0,0,0,0,0,0,0,,,,
1415206097.90552,pg_toast,pg_toast_2964,0,0,0,0,0,0,0,0,0,0,0,0,0,0,,,,
1415206097.90552,pg_catalog,pg_database,61,223,896,894,1,0,0,0,1,0,0,956,12,1359,,,,
1415206097.90552,pg_toast,pg_toast_2620,0,0,0,0,0,0,0,0,0,0,0,0,0,0,,,,
1415206097.90552,information_schema,sql_sizing,0,0,,,0,0,0,0,0,0,0,0,,,0,0,0,0
1415206097.90552,pg_catalog,pg_amproc,6,12,671,1041,0,0,0,0,0,0,6,668,6,1550,,,,
1415206097.90552,public,partsupp,4,24000000,40,40,8000000,0,0,0,8000000,0,340611,954549,12,115,,,,
1415206097.90552,pg_catalog,pg_collation,0,0,0,0,0,0,0,0,0,0,0,0,0,0,,,,
1415206097.90552,pg_catalog,pg_constraint,0,0,8,0,8,0,0,0,8,0,5,28,8,64,0,0,0,0
1415206097.90552,pg_catalog,pg_range,0,0,2,0,0,0,0,0,0,0,0,0,2,2,,,,
1415206097.90552,pg_toast,pg_toast_11600,0,0,0,0,0,0,0,0,0,0,0,0,0,0,,,,
1415206097.90552,pg_toast,pg_toast_11590,0,0,0,0,0,0,0,0,0,0,0,0,0,0,,,,
1415206097.90552,information_schema,sql_implementation_info,0,0,,,0,0,0,0,0,0,0,0,,,0,0,0,0
1415206097.90552,pg_catalog,pg_user_mapping,0,0,0,0,0,0,0,0,0,0,0,0,0,0,,,,
1415206097.90552,public,orders,10,60000000,30,30,15000000,0,0,0,15000000,0,504554,1558810,6,94,,,,
1415206097.90552,pg_catalog,pg_largeobject,0,0,0,0,0,0,0,0,0,0,0,0,0,0,,,,
1415206097.90552,pg_catalog,pg_namespace,57,342,634,446,0,0,0,0,0,0,2,501,6,847,,,,
1415206097.90552,information_schema,sql_parts,0,0,,,0,0,0,0,0,0,0,0,,,0,0,0,0
1415206097.90552,pg_catalog,pg_authid,24,24,398,398,0,0,0,0,0,0,3,419,12,784,,,,
1415206097.90552,pg_catalog,pg_index,95,9727,1669,2294,28,0,0,0,28,0,13,2178,8,2093,,,,
1415206097.90552,pg_catalog,pg_ts_dict,0,0,0,0,0,0,0,0,0,0,0,0,0,0,,,,
1415206097.90552,pg_catalog,pg_class,231,53828,7692,7470,39,1,1,1,38,2,20,9386,14,8688,,,,
1415206097.90552,pg_toast,pg_toast_2396,0,0,0,0,0,0,0,0,0,0,0,0,0,0,,,,
1415206097.90552,pg_catalog,pg_enum,0,0,0,0,0,0,0,0,0,0,0,0,0,0,,,,
1415206097.90552,pg_catalog,pg_db_role_setting,0,0,714,0,0,0,0,0,0,0,0,0,3,711,0,0,0,0
1415206097.90552,pg_catalog,pg_seclabel,0,0,4,0,0,0,0,0,0,0,0,0,1,3,0,0,0,0
1415206097.90552,pg_toast,pg_toast_2609,0,0,0,0,0,0,0,0,0,0,0,0,0,0,,,,
1415206097.90552,pg_toast,pg_toast_1255,0,0,0,0,0,0,0,0,0,0,0,0,0,0,,,,
1415206097.90552,pg_catalog,pg_rewrite,0,0,136,133,1,0,1,0,0,1,12,128,6,228,9,123,4,112
1415206097.90552,pg_catalog,pg_ts_config,0,0,0,0,0,0,0,0,0,0,0,0,0,0,,,,
1415206097.90552,pg_catalog,pg_extension,0,0,0,0,0,0,0,0,0,0,0,0,0,0,,,,
1415206097.90552,pg_catalog,pg_amop,0,0,1212,1555,0,0,0,0,0,0,6,1549,13,2624,,,,
1415206097.90552,pg_catalog,pg_cast,0,0,3531,1132,0,0,0,0,0,0,4,1128,4,3684,,,,
1415206097.90552,public,nation,10,50,42,42,25,0,0,0,25,0,1,45,2,49,,,,
1415206097.90552,pg_toast,pg_toast_2619,0,0,277,773,240,0,0,0,240,0,61,710,2,543,,,,
1415206097.90552,pg_toast,pg_toast_11610,0,0,0,0,0,0,0,0,0,0,0,0,0,0,,,,
1415206097.90552,public,region,6,10,8,8,5,0,0,0,5,0,1,11,2,9,,,,
1415206097.90552,pg_toast,pg_toast_2604,0,0,0,0,0,0,0,0,0,0,0,0,0,0,,,,
1415206157.90335,pg_catalog,pg_auth_members,0,0,0,0,0,0,0,0,0,0,0,0,0,0,,,,
1415206157.90335,pg_catalog,pg_operator,0,0,827,2246,0,0,0,0,0,0,28,1707,17,1877,,,,
1415206157.90335,pg_catalog,pg_aggregate,0,0,51,51,0,0,0,0,0,0,2,49,4,90,,,,
1415206157.90335,pg_catalog,pg_pltemplate,0,0,0,0,0,0,0,0,0,0,0,0,0,0,,,,
1415206157.90335,public,lineitem,17,539874468,59,771847,60045669,0,0,0,60045489,0,10399556,3277364,109897,1305633,,,,
1415206157.90335,pg_toast,pg_toast_11615,0,0,0,0,0,0,0,0,0,0,0,0,0,0,,,,
1415206157.90335,public,supplier,10,500000,25584,25584,100000,0,0,0,100000,0,4491,41232,280,51046,,,,
1415206157.90335,pg_catalog,pg_description,0,0,4,0,0,0,0,0,0,0,0,0,3,6,0,0,0,0
1415206157.90335,pg_catalog,pg_language,0,0,0,0,0,0,0,0,0,0,0,0,0,0,,,,
1415206157.90335,public,part,10,14000000,33,2000032,2000000,0,0,0,2000000,0,119529,369021,5475,98,,,,
1415206157.90335,pg_catalog,pg_ts_parser,0,0,0,0,0,0,0,0,0,0,0,0,0,0,,,,
1415206157.90335,pg_catalog,pg_shseclabel,0,0,0,0,0,0,0,0,0,0,0,0,0,0,,,,
1415206157.90335,public,customer,9,9000000,28,28,1500000,0,0,0,1500000,0,68533,294885,6,86,,,,
1415206157.90335,pg_catalog,pg_foreign_table,0,0,0,0,0,0,0,0,0,0,0,0,0,0,,,,
1415206157.90335,pg_toast,pg_toast_11620,0,0,0,0,0,0,0,0,0,0,0,0,0,0,,,,
1415206157.90335,pg_catalog,pg_attrdef,0,0,0,0,0,0,0,0,0,0,0,0,0,0,0,0,0,0
1415206157.90335,pg_catalog,pg_ts_template,0,0,0,0,0,0,0,0,0,0,0,0,0,0,,,,
1415206157.90335,pg_catalog,pg_foreign_server,0,0,0,0,0,0,0,0,0,0,0,0,0,0,,,,
1415206157.90335,pg_catalog,pg_default_acl,0,0,44,0,0,0,0,0,0,0,0,0,1,43,,,,
1415206157.90335,pg_toast,pg_toast_11595,0,0,0,0,0,0,0,0,0,0,0,0,0,0,,,,
1415206157.90335,public,time_statistics,4,16,,,7,4,0,4,7,4,2,13,,,,,,
1415206157.90335,information_schema,sql_packages,0,0,,,0,0,0,0,0,0,0,0,,,0,0,0,0
1415206157.90335,pg_catalog,pg_attribute,33,219,5440,11024,180,10,2,2,178,10,60,6255,17,11891,,,,
1415206157.90335,pg_catalog,pg_statistic,0,0,866,670,63,0,0,0,63,0,32,769,8,1985,86,722,4,565
1415206157.90335,pg_toast,pg_toast_2618,0,0,80,259,0,0,0,0,0,0,14,125,4,118,,,,
1415206157.90335,pg_toast,pg_toast_3596,0,0,0,0,0,0,0,0,0,0,0,0,0,0,,,,
1415206157.90335,information_schema,sql_features,0,0,,,0,0,0,0,0,0,0,0,,,0,0,0,0
1415206157.90335,pg_catalog,pg_depend,0,0,352,332,99,0,9,0,90,9,19,505,21,1157,,,,
1415206157.90335,pg_toast,pg_toast_11605,0,0,0,0,0,0,0,0,0,0,0,0,0,0,,,,
1415206157.90335,pg_catalog,pg_opclass,6,6,956,10496,0,0,0,0,0,0,4,3373,8,1295,,,,
1415206157.90335,pg_catalog,pg_proc,0,0,1870,2772,0,0,0,0,0,0,57,2145,34,4089,0,0,0,0
1415206157.90335,pg_catalog,pg_trigger,0,0,0,0,0,0,0,0,0,0,0,0,0,0,0,0,0,0
1415206157.90335,information_schema,sql_languages,0,0,,,0,0,0,0,0,0,0,0,,,0,0,0,0
1415206157.90335,pg_catalog,pg_am,258,258,0,0,0,0,0,0,0,0,2,256,0,0,,,,
1415206157.90335,pg_catalog,pg_largeobject_metadata,0,0,0,0,0,0,0,0,0,0,0,0,0,0,,,,
1415206157.90335,pg_catalog,pg_ts_config_map,0,0,0,0,0,0,0,0,0,0,0,0,0,0,,,,
1415206157.90335,pg_catalog,pg_type,0,0,2851,2800,21,0,2,0,19,2,12,2844,11,3219,,,,
1415206157.90335,information_schema,sql_sizing_profiles,0,0,,,0,0,0,0,0,0,0,0,,,0,0,0,0
1415206157.90335,pg_catalog,pg_shdepend,0,0,17,12,0,0,0,0,0,0,1,11,4,27,,,,
1415206157.90335,pg_catalog,pg_conversion,0,0,0,0,0,0,0,0,0,0,0,0,0,0,,,,
1415206157.90335,pg_catalog,pg_foreign_data_wrapper,0,0,0,0,0,0,0,0,0,0,0,0,0,0,,,,
1415206157.90335,pg_catalog,pg_opfamily,0,0,0,0,0,0,0,0,0,0,0,0,0,0,,,,
1415206157.90335,pg_catalog,pg_shdescription,0,0,0,0,0,0,0,0,0,0,0,0,0,0,0,0,0,0
1415206157.90335,pg_catalog,pg_tablespace,2,4,128,128,0,0,0,0,0,0,3,127,6,250,,,,
1415206157.90335,pg_catalog,pg_inherits,0,0,1,0,0,0,0,0,0,0,0,0,1,0,,,,
1415206157.90335,pg_toast,pg_toast_2606,0,0,0,0,0,0,0,0,0,0,0,0,0,0,,,,
1415206157.90335,pg_toast,pg_toast_2964,0,0,0,0,0,0,0,0,0,0,0,0,0,0,,,,
1415206157.90335,pg_catalog,pg_database,64,235,954,952,1,0,0,0,1,0,0,1017,12,1451,,,,
1415206157.90335,pg_toast,pg_toast_2620,0,0,0,0,0,0,0,0,0,0,0,0,0,0,,,,
1415206157.90335,information_schema,sql_sizing,0,0,,,0,0,0,0,0,0,0,0,,,0,0,0,0
1415206157.90335,pg_catalog,pg_amproc,6,12,716,1110,0,0,0,0,0,0,6,712,6,1656,,,,
1415206157.90335,public,partsupp,4,24000000,26469,1628228,8000000,0,0,0,8000000,0,511567,2393328,19951,64078,,,,
1415206157.90335,pg_catalog,pg_collation,0,0,0,0,0,0,0,0,0,0,0,0,0,0,,,,
1415206157.90335,pg_catalog,pg_constraint,0,0,8,0,8,0,0,0,8,0,5,28,8,64,0,0,0,0
1415206157.90335,pg_catalog,pg_range,0,0,5,0,0,0,0,0,0,0,0,0,4,6,,,,
1415206157.90335,pg_toast,pg_toast_11600,0,0,0,0,0,0,0,0,0,0,0,0,0,0,,,,
1415206157.90335,pg_toast,pg_toast_11590,0,0,0,0,0,0,0,0,0,0,0,0,0,0,,,,
1415206157.90335,information_schema,sql_implementation_info,0,0,,,0,0,0,0,0,0,0,0,,,0,0,0,0
1415206157.90335,pg_catalog,pg_user_mapping,0,0,0,0,0,0,0,0,0,0,0,0,0,0,,,,
1415206157.90335,public,orders,10,60000000,30,30,15015000,0,0,0,15015000,0,504810,1559367,2826,132769,,,,
1415206157.90335,pg_catalog,pg_largeobject,0,0,0,0,0,0,0,0,0,0,0,0,0,0,,,,
1415206157.90335,pg_catalog,pg_namespace,60,360,675,473,0,0,0,0,0,0,2,531,8,901,,,,
1415206157.90335,information_schema,sql_parts,0,0,,,0,0,0,0,0,0,0,0,,,0,0,0,0
1415206157.90335,pg_catalog,pg_authid,25,25,428,428,0,0,0,0,0,0,3,450,12,844,,,,
1415206157.90335,pg_catalog,pg_index,99,10279,1760,2422,28,0,0,0,28,0,13,2290,8,2208,,,,
1415206157.90335,pg_catalog,pg_ts_dict,0,0,0,0,0,0,0,0,0,0,0,0,0,0,,,,
1415206157.90335,pg_catalog,pg_class,242,56845,8150,7913,39,1,1,1,38,2,21,9917,14,9215,,,,
1415206157.90335,pg_toast,pg_toast_2396,0,0,0,0,0,0,0,0,0,0,0,0,0,0,,,,
1415206157.90335,pg_catalog,pg_enum,0,0,0,0,0,0,0,0,0,0,0,0,0,0,,,,
1415206157.90335,pg_catalog,pg_db_role_setting,0,0,765,0,0,0,0,0,0,0,0,0,3,762,0,0,0,0
1415206157.90335,pg_catalog,pg_seclabel,0,0,4,0,0,0,0,0,0,0,0,0,1,3,0,0,0,0
1415206157.90335,pg_toast,pg_toast_2609,0,0,0,0,0,0,0,0,0,0,0,0,0,0,,,,
1415206157.90335,pg_toast,pg_toast_1255,0,0,0,0,0,0,0,0,0,0,0,0,0,0,,,,
1415206157.90335,pg_catalog,pg_rewrite,0,0,143,140,1,0,1,0,0,1,17,130,6,240,14,125,4,118
1415206157.90335,pg_catalog,pg_ts_config,0,0,0,0,0,0,0,0,0,0,0,0,0,0,,,,
1415206157.90335,pg_catalog,pg_extension,0,0,0,0,0,0,0,0,0,0,0,0,0,0,,,,
1415206157.90335,pg_catalog,pg_amop,0,0,1291,1672,0,0,0,0,0,0,8,1664,13,2797,,,,
1415206157.90335,pg_catalog,pg_cast,0,0,3816,1217,0,0,0,0,0,0,4,1213,4,3982,,,,
1415206157.90335,public,nation,11,75,25586,25586,25,0,0,0,25,0,2,25589,4,25592,,,,
1415206157.90335,pg_toast,pg_toast_2619,0,0,299,863,240,0,0,0,240,0,86,722,4,565,,,,
1415206157.90335,pg_toast,pg_toast_11610,0,0,0,0,0,0,0,0,0,0,0,0,0,0,,,,
1415206157.90335,public,region,6392,31935,12,12,5,0,0,0,5,0,2,6399,4,12,,,,
1415206157.90335,pg_toast,pg_toast_2604,0,0,0,0,0,0,0,0,0,0,0,0,0,0,,,,
1415206217.9062,pg_catalog,pg_auth_members,0,0,0,0,0,0,0,0,0,0,0,0,0,0,,,,
1415206217.9062,pg_catalog,pg_operator,0,0,847,2266,0,0,0,0,0,0,28,1727,17,1928,,,,
1415206217.9062,pg_catalog,pg_aggregate,0,0,52,52,0,0,0,0,0,0,2,50,4,92,,,,
1415206217.9062,pg_catalog,pg_pltemplate,0,0,0,0,0,0,0,0,0,0,0,0,0,0,,,,
1415206217.9062,public,lineitem,17,539874468,59,771847,60045669,0,0,0,60045489,0,10399556,3277364,109897,1305633,,,,
1415206217.9062,pg_toast,pg_toast_11615,0,0,0,0,0,0,0,0,0,0,0,0,0,0,,,,
1415206217.9062,public,supplier,10,500000,25584,25584,100000,0,0,0,100000,0,4491,41232,280,51046,,,,
1415206217.9062,pg_catalog,pg_description,0,0,4,0,0,0,0,0,0,0,0,0,3,6,0,0,0,0
1415206217.9062,pg_catalog,pg_language,0,0,0,0,0,0,0,0,0,0,0,0,0,0,,,,
1415206217.9062,public,part,10,14000000,33,2000032,2000000,0,0,0,2000000,0,119529,369021,5475,98,,,,
1415206217.9062,pg_catalog,pg_ts_parser,0,0,0,0,0,0,0,0,0,0,0,0,0,0,,,,
1415206217.9062,pg_catalog,pg_shseclabel,0,0,0,0,0,0,0,0,0,0,0,0,0,0,,,,
1415206217.9062,public,customer,9,9000000,28,28,1500000,0,0,0,1500000,0,68533,294885,6,86,,,,
1415206217.9062,pg_catalog,pg_foreign_table,0,0,0,0,0,0,0,0,0,0,0,0,0,0,,,,
1415206217.9062,pg_toast,pg_toast_11620,0,0,0,0,0,0,0,0,0,0,0,0,0,0,,,,
1415206217.9062,pg_catalog,pg_attrdef,0,0,0,0,0,0,0,0,0,0,0,0,0,0,0,0,0,0
1415206217.9062,pg_catalog,pg_ts_template,0,0,0,0,0,0,0,0,0,0,0,0,0,0,,,,
1415206217.9062,pg_catalog,pg_foreign_server,0,0,0,0,0,0,0,0,0,0,0,0,0,0,,,,
1415206217.9062,pg_catalog,pg_default_acl,0,0,44,0,0,0,0,0,0,0,0,0,1,43,,,,
1415206217.9062,pg_toast,pg_toast_11595,0,0,0,0,0,0,0,0,0,0,0,0,0,0,,,,
1415206217.9062,public,time_statistics,4,16,,,7,4,0,4,7,4,2,13,,,,,,
1415206217.9062,information_schema,sql_packages,0,0,,,0,0,0,0,0,0,0,0,,,0,0,0,0
1415206217.9062,pg_catalog,pg_attribute,33,219,5649,11376,180,10,2,2,178,10,60,6465,17,12315,,,,
1415206217.9062,pg_catalog,pg_statistic,0,0,897,693,63,0,0,0,63,0,32,792,8,2054,86,722,4,565
1415206217.9062,pg_toast,pg_toast_2618,0,0,84,272,0,0,0,0,0,0,14,132,4,124,,,,
1415206217.9062,pg_toast,pg_toast_3596,0,0,0,0,0,0,0,0,0,0,0,0,0,0,,,,
1415206217.9062,information_schema,sql_features,0,0,,,0,0,0,0,0,0,0,0,,,0,0,0,0
1415206217.9062,pg_catalog,pg_depend,0,0,352,332,99,0,9,0,90,9,19,505,21,1157,,,,
1415206217.9062,pg_toast,pg_toast_11605,0,0,0,0,0,0,0,0,0,0,0,0,0,0,,,,
1415206217.9062,pg_catalog,pg_opclass,6,6,976,10748,0,0,0,0,0,0,4,3455,8,1325,,,,
1415206217.9062,pg_catalog,pg_proc,0,0,1958,2909,0,0,0,0,0,0,57,2254,34,4286,0,0,0,0
1415206217.9062,pg_catalog,pg_trigger,0,0,0,0,0,0,0,0,0,0,0,0,0,0,0,0,0,0
1415206217.9062,information_schema,sql_languages,0,0,,,0,0,0,0,0,0,0,0,,,0,0,0,0
1415206217.9062,pg_catalog,pg_am,264,264,0,0,0,0,0,0,0,0,2,262,0,0,,,,
1415206217.9062,pg_catalog,pg_largeobject_metadata,0,0,0,0,0,0,0,0,0,0,0,0,0,0,,,,
1415206217.9062,pg_catalog,pg_ts_config_map,0,0,0,0,0,0,0,0,0,0,0,0,0,0,,,,
1415206217.9062,pg_catalog,pg_type,0,0,2976,2925,21,0,2,0,19,2,12,2969,11,3351,,,,
1415206217.9062,information_schema,sql_sizing_profiles,0,0,,,0,0,0,0,0,0,0,0,,,0,0,0,0
1415206217.9062,pg_catalog,pg_shdepend,0,0,17,12,0,0,0,0,0,0,1,11,4,27,,,,
1415206217.9062,pg_catalog,pg_conversion,0,0,0,0,0,0,0,0,0,0,0,0,0,0,,,,
1415206217.9062,pg_catalog,pg_foreign_data_wrapper,0,0,0,0,0,0,0,0,0,0,0,0,0,0,,,,
1415206217.9062,pg_catalog,pg_opfamily,0,0,0,0,0,0,0,0,0,0,0,0,0,0,,,,
1415206217.9062,pg_catalog,pg_shdescription,0,0,0,0,0,0,0,0,0,0,0,0,0,0,0,0,0,0
1415206217.9062,pg_catalog,pg_tablespace,2,4,135,135,0,0,0,0,0,0,3,134,6,264,,,,
1415206217.9062,pg_catalog,pg_inherits,0,0,1,0,0,0,0,0,0,0,0,0,1,0,,,,
1415206217.9062,pg_toast,pg_toast_2606,0,0,0,0,0,0,0,0,0,0,0,0,0,0,,,,
1415206217.9062,pg_toast,pg_toast_2964,0,0,0,0,0,0,0,0,0,0,0,0,0,0,,,,
1415206217.9062,pg_catalog,pg_database,67,247,989,987,1,0,0,0,1,0,0,1055,12,1500,,,,
1415206217.9062,pg_toast,pg_toast_2620,0,0,0,0,0,0,0,0,0,0,0,0,0,0,,,,
1415206217.9062,information_schema,sql_sizing,0,0,,,0,0,0,0,0,0,0,0,,,0,0,0,0
1415206217.9062,pg_catalog,pg_amproc,6,12,735,1137,0,0,0,0,0,0,6,731,6,1700,,,,
1415206217.9062,public,partsupp,4,24000000,26469,1628228,8000000,0,0,0,8000000,0,511567,2393328,19951,64078,,,,
1415206217.9062,pg_catalog,pg_collation,0,0,0,0,0,0,0,0,0,0,0,0,0,0,,,,
1415206217.9062,pg_catalog,pg_constraint,0,0,8,0,8,0,0,0,8,0,5,28,8,64,0,0,0,0
1415206217.9062,pg_catalog,pg_range,0,0,5,0,0,0,0,0,0,0,0,0,4,6,,,,
1415206217.9062,pg_toast,pg_toast_11600,0,0,0,0,0,0,0,0,0,0,0,0,0,0,,,,
1415206217.9062,pg_toast,pg_toast_11590,0,0,0,0,0,0,0,0,0,0,0,0,0,0,,,,
1415206217.9062,information_schema,sql_implementation_info,0,0,,,0,0,0,0,0,0,0,0,,,0,0,0,0
1415206217.9062,pg_catalog,pg_user_mapping,0,0,0,0,0,0,0,0,0,0,0,0,0,0,,,,
1415206217.9062,public,orders,10,60000000,30,30,15015000,0,0,0,15015000,0,504810,1559367,2826,132769,,,,
1415206217.9062,pg_catalog,pg_largeobject,0,0,0,0,0,0,0,0,0,0,0,0,0,0,,,,
1415206217.9062,pg_catalog,pg_namespace,63,378,696,487,0,0,0,0,0,0,2,548,8,929,,,,
1415206217.9062,information_schema,sql_parts,0,0,,,0,0,0,0,0,0,0,0,,,0,0,0,0
1415206217.9062,pg_catalog,pg_authid,27,27,438,438,0,0,0,0,0,0,3,462,12,864,,,,
1415206217.9062,pg_catalog,pg_index,103,10831,1796,2471,28,0,0,0,28,0,13,2346,8,2257,,,,
1415206217.9062,pg_catalog,pg_ts_dict,0,0,0,0,0,0,0,0,0,0,0,0,0,0,,,,
1415206217.9062,pg_catalog,pg_class,254,60188,8491,8254,39,1,1,1,38,2,21,10355,14,9581,,,,
1415206217.9062,pg_toast,pg_toast_2396,0,0,0,0,0,0,0,0,0,0,0,0,0,0,,,,
1415206217.9062,pg_catalog,pg_enum,0,0,0,0,0,0,0,0,0,0,0,0,0,0,,,,
1415206217.9062,pg_catalog,pg_db_role_setting,0,0,786,0,0,0,0,0,0,0,0,0,3,783,0,0,0,0
1415206217.9062,pg_catalog,pg_seclabel,0,0,4,0,0,0,0,0,0,0,0,0,1,3,0,0,0,0
1415206217.9062,pg_toast,pg_toast_2609,0,0,0,0,0,0,0,0,0,0,0,0,0,0,,,,
1415206217.9062,pg_toast,pg_toast_1255,0,0,0,0,0,0,0,0,0,0,0,0,0,0,,,,
1415206217.9062,pg_catalog,pg_rewrite,0,0,152,149,1,0,1,0,0,1,17,139,6,256,14,132,4,124
1415206217.9062,pg_catalog,pg_ts_config,0,0,0,0,0,0,0,0,0,0,0,0,0,0,,,,
1415206217.9062,pg_catalog,pg_extension,0,0,0,0,0,0,0,0,0,0,0,0,0,0,,,,
1415206217.9062,pg_catalog,pg_amop,0,0,1340,1733,0,0,0,0,0,0,8,1725,13,2907,,,,
1415206217.9062,pg_catalog,pg_cast,0,0,3919,1256,0,0,0,0,0,0,4,1252,4,4092,,,,
1415206217.9062,public,nation,11,75,25586,25586,25,0,0,0,25,0,2,25589,4,25592,,,,
1415206217.9062,pg_toast,pg_toast_2619,0,0,299,863,240,0,0,0,240,0,86,722,4,565,,,,
1415206217.9062,pg_toast,pg_toast_11610,0,0,0,0,0,0,0,0,0,0,0,0,0,0,,,,
1415206217.9062,public,region,6392,31935,12,12,5,0,0,0,5,0,2,6399,4,12,,,,
1415206217.9062,pg_toast,pg_toast_2604,0,0,0,0,0,0,0,0,0,0,0,0,0,0,,,,
1415206277.90956,pg_catalog,pg_auth_members,0,0,0,0,0,0,0,0,0,0,0,0,0,0,,,,
1415206277.90956,pg_catalog,pg_operator,0,0,955,2934,0,0,0,0,0,0,29,2200,18,2166,,,,
1415206277.90956,pg_catalog,pg_aggregate,0,0,58,58,0,0,0,0,0,0,2,56,4,103,,,,
1415206277.90956,pg_catalog,pg_pltemplate,0,0,0,0,0,0,0,0,0,0,0,0,0,0,,,,
1415206277.90956,public,lineitem,18,599920137,91502,12578433,60045669,0,0,0,60045489,0,12173576,6261772,160702,1659173,,,,
1415206277.90956,pg_toast,pg_toast_11615,0,0,0,0,0,0,0,0,0,0,0,0,0,0,,,,
1415206277.90956,public,supplier,12,600000,3288027,3288027,100000,0,0,0,100000,0,4491,3305854,280,6593485,,,,
1415206277.90956,pg_catalog,pg_description,0,0,4,0,0,0,0,0,0,0,0,0,3,6,0,0,0,0
1415206277.90956,pg_catalog,pg_language,0,0,0,0,0,0,0,0,0,0,0,0,0,0,,,,
1415206277.90956,public,part,12,18000000,46,2002023,2000000,0,0,0,2000000,0,121465,450076,5497,131,,,,
1415206277.90956,pg_catalog,pg_ts_parser,0,0,0,0,0,0,0,0,0,0,0,0,0,0,,,,
1415206277.90956,pg_catalog,pg_shseclabel,0,0,0,0,0,0,0,0,0,0,0,0,0,0,,,,
1415206277.90956,public,customer,9,9000000,28,28,1500000,0,0,0,1500000,0,68533,294885,6,86,,,,
1415206277.90956,pg_catalog,pg_foreign_table,0,0,0,0,0,0,0,0,0,0,0,0,0,0,,,,
1415206277.90956,pg_toast,pg_toast_11620,0,0,0,0,0,0,0,0,0,0,0,0,0,0,,,,
1415206277.90956,pg_catalog,pg_attrdef,0,0,0,0,0,0,0,0,0,0,0,0,0,0,0,0,0,0
1415206277.90956,pg_catalog,pg_ts_template,0,0,0,0,0,0,0,0,0,0,0,0,0,0,,,,
1415206277.90956,pg_catalog,pg_foreign_server,0,0,0,0,0,0,0,0,0,0,0,0,0,0,,,,
1415206277.90956,pg_catalog,pg_default_acl,0,0,44,0,0,0,0,0,0,0,0,0,1,43,,,,
1415206277.90956,pg_toast,pg_toast_11595,0,0,0,0,0,0,0,0,0,0,0,0,0,0,,,,
1415206277.90956,public,time_statistics,8,50,,,11,8,0,8,11,8,2,25,,,,,,
1415206277.90956,information_schema,sql_packages,0,0,,,0,0,0,0,0,0,0,0,,,0,0,0,0
1415206277.90956,pg_catalog,pg_attribute,33,219,5976,12009,180,10,2,2,178,10,61,6802,17,12987,,,,
1415206277.90956,pg_catalog,pg_statistic,0,0,978,758,63,0,0,0,63,0,33,856,8,2227,94,787,5,616
1415206277.90956,pg_toast,pg_toast_2618,0,0,88,285,0,0,0,0,0,0,14,139,4,130,,,,
1415206277.90956,pg_toast,pg_toast_3596,0,0,0,0,0,0,0,0,0,0,0,0,0,0,,,,
1415206277.90956,information_schema,sql_features,0,0,,,0,0,0,0,0,0,0,0,,,0,0,0,0
1415206277.90956,pg_catalog,pg_depend,0,0,352,332,99,0,9,0,90,9,19,505,21,1157,,,,
1415206277.90956,pg_toast,pg_toast_11605,0,0,0,0,0,0,0,0,0,0,0,0,0,0,,,,
1415206277.90956,pg_catalog,pg_opclass,6,6,1035,11191,0,0,0,0,0,0,4,3622,8,1406,,,,
1415206277.90956,pg_catalog,pg_proc,0,0,2113,3126,0,0,0,0,0,0,60,2422,36,4628,0,0,0,0
1415206277.90956,pg_catalog,pg_trigger,0,0,0,0,0,0,0,0,0,0,0,0,0,0,0,0,0,0
1415206277.90956,information_schema,sql_languages,0,0,,,0,0,0,0,0,0,0,0,,,0,0,0,0
1415206277.90956,pg_catalog,pg_am,282,282,0,0,0,0,0,0,0,0,2,280,0,0,,,,
1415206277.90956,pg_catalog,pg_largeobject_metadata,0,0,0,0,0,0,0,0,0,0,0,0,0,0,,,,
1415206277.90956,pg_catalog,pg_ts_config_map,0,0,0,0,0,0,0,0,0,0,0,0,0,0,,,,
1415206277.90956,pg_catalog,pg_type,0,0,3348,3297,21,0,2,0,19,2,12,3341,12,3745,,,,
1415206277.90956,information_schema,sql_sizing_profiles,0,0,,,0,0,0,0,0,0,0,0,,,0,0,0,0
1415206277.90956,pg_catalog,pg_shdepend,0,0,17,12,0,0,0,0,0,0,1,11,4,27,,,,
1415206277.90956,pg_catalog,pg_conversion,0,0,0,0,0,0,0,0,0,0,0,0,0,0,,,,
1415206277.90956,pg_catalog,pg_foreign_data_wrapper,0,0,0,0,0,0,0,0,0,0,0,0,0,0,,,,
1415206277.90956,pg_catalog,pg_opfamily,0,0,0,0,0,0,0,0,0,0,0,0,0,0,,,,
1415206277.90956,pg_catalog,pg_shdescription,0,0,0,0,0,0,0,0,0,0,0,0,0,0,0,0,0,0
1415206277.90956,pg_catalog,pg_tablespace,2,4,146,146,0,0,0,0,0,0,3,145,6,286,,,,
1415206277.90956,pg_catalog,pg_inherits,0,0,1,0,0,0,0,0,0,0,0,0,1,0,,,,
1415206277.90956,pg_toast,pg_toast_2606,0,0,0,0,0,0,0,0,0,0,0,0,0,0,,,,
1415206277.90956,pg_toast,pg_toast_2964,0,0,0,0,0,0,0,0,0,0,0,0,0,0,,,,
1415206277.90956,pg_catalog,pg_database,70,259,1048,1046,1,0,0,0,1,0,0,1117,12,1597,,,,
1415206277.90956,pg_toast,pg_toast_2620,0,0,0,0,0,0,0,0,0,0,0,0,0,0,,,,
1415206277.90956,information_schema,sql_sizing,0,0,,,0,0,0,0,0,0,0,0,,,0,0,0,0
1415206277.90956,pg_catalog,pg_amproc,6,12,788,1220,0,0,0,0,0,0,6,782,6,1824,,,,
1415206277.90956,public,partsupp,4,24000000,48356,9715703,8000000,0,0,0,8000000,0,511569,2830215,37541,134374,,,,
1415206277.90956,pg_catalog,pg_collation,0,0,0,0,0,0,0,0,0,0,0,0,0,0,,,,
1415206277.90956,pg_catalog,pg_constraint,0,0,8,0,8,0,0,0,8,0,5,28,8,64,0,0,0,0
1415206277.90956,pg_catalog,pg_range,0,0,9,0,0,0,0,0,0,0,0,0,6,12,,,,
1415206277.90956,pg_toast,pg_toast_11600,0,0,0,0,0,0,0,0,0,0,0,0,0,0,,,,
1415206277.90956,pg_toast,pg_toast_11590,0,0,0,0,0,0,0,0,0,0,0,0,0,0,,,,
1415206277.90956,information_schema,sql_implementation_info,0,0,,,0,0,0,0,0,0,0,0,,,0,0,0,0
1415206277.90956,pg_catalog,pg_user_mapping,0,0,0,0,0,0,0,0,0,0,0,0,0,0,,,,
1415206277.90956,public,orders,10,60000000,3262467,3262467,15015000,0,0,0,15015000,0,758078,4568536,43912,9896925,,,,
1415206277.90956,pg_catalog,pg_largeobject,0,0,0,0,0,0,0,0,0,0,0,0,0,0,,,,
1415206277.90956,pg_catalog,pg_namespace,66,396,741,517,0,0,0,0,0,0,2,581,10,988,,,,
1415206277.90956,information_schema,sql_parts,0,0,,,0,0,0,0,0,0,0,0,,,0,0,0,0
1415206277.90956,pg_catalog,pg_authid,27,27,472,472,0,0,0,0,0,0,3,496,12,932,,,,
1415206277.90956,pg_catalog,pg_index,107,11383,1918,2648,28,0,0,0,28,0,13,2489,8,2404,,,,
1415206277.90956,pg_catalog,pg_ts_dict,0,0,0,0,0,0,0,0,0,0,0,0,0,0,,,,
1415206277.90956,pg_catalog,pg_class,264,62879,9003,8744,39,1,1,1,38,2,21,10926,14,10176,,,,
1415206277.90956,pg_toast,pg_toast_2396,0,0,0,0,0,0,0,0,0,0,0,0,0,0,,,,
1415206277.90956,pg_catalog,pg_enum,0,0,0,0,0,0,0,0,0,0,0,0,0,0,,,,
1415206277.90956,pg_catalog,pg_db_role_setting,0,0,843,0,0,0,0,0,0,0,0,0,3,840,0,0,0,0
1415206277.90956,pg_catalog,pg_seclabel,0,0,4,0,0,0,0,0,0,0,0,0,1,3,0,0,0,0
1415206277.90956,pg_toast,pg_toast_2609,0,0,0,0,0,0,0,0,0,0,0,0,0,0,,,,
1415206277.90956,pg_toast,pg_toast_1255,0,0,0,0,0,0,0,0,0,0,0,0,0,0,,,,
1415206277.90956,pg_catalog,pg_rewrite,0,0,157,154,1,0,1,0,0,1,17,144,6,264,14,139,4,130
1415206277.90956,pg_catalog,pg_ts_config,0,0,0,0,0,0,0,0,0,0,0,0,0,0,,,,
1415206277.90956,pg_catalog,pg_extension,0,0,0,0,0,0,0,0,0,0,0,0,0,0,,,,
1415206277.90956,pg_catalog,pg_amop,0,0,1429,1869,0,0,0,0,0,0,8,1861,13,3101,,,,
1415206277.90956,pg_catalog,pg_cast,0,0,4323,1371,0,0,0,0,0,0,4,1367,4,4511,,,,
1415206277.90956,public,nation,12,100,3288025,3288025,25,0,0,0,25,0,2,3288029,4,3288033,,,,
1415206277.90956,pg_toast,pg_toast_2619,0,0,347,1028,240,0,0,0,240,0,94,787,5,616,,,,
1415206277.90956,pg_toast,pg_toast_11610,0,0,0,0,0,0,0,0,0,0,0,0,0,0,,,,
1415206277.90956,public,region,6392,31935,12,12,5,0,0,0,5,0,2,6399,4,12,,,,
1415206277.90956,pg_toast,pg_toast_2604,0,0,0,0,0,0,0,0,0,0,0,0,0,0,,,,
1415206337.915,pg_catalog,pg_auth_members,0,0,0,0,0,0,0,0,0,0,0,0,0,0,,,,
1415206337.915,pg_catalog,pg_operator,0,0,975,2954,0,0,0,0,0,0,29,2220,18,2217,,,,
1415206337.915,pg_catalog,pg_aggregate,0,0,59,59,0,0,0,0,0,0,2,57,4,105,,,,
1415206337.915,pg_catalog,pg_pltemplate,0,0,0,0,0,0,0,0,0,0,0,0,0,0,,,,
1415206337.915,public,lineitem,18,599920137,91502,12578433,60045669,0,0,0,60045489,0,12173576,6261772,160702,1659173,,,,
1415206337.915,pg_toast,pg_toast_11615,0,0,0,0,0,0,0,0,0,0,0,0,0,0,,,,
1415206337.915,public,supplier,12,600000,3288027,3288027,100000,0,0,0,100000,0,4491,3305854,280,6593485,,,,
1415206337.915,pg_catalog,pg_description,0,0,4,0,0,0,0,0,0,0,0,0,3,6,0,0,0,0
1415206337.915,pg_catalog,pg_language,0,0,0,0,0,0,0,0,0,0,0,0,0,0,,,,
1415206337.915,public,part,12,18000000,46,2002023,2000000,0,0,0,2000000,0,121465,450076,5497,131,,,,
1415206337.915,pg_catalog,pg_ts_parser,0,0,0,0,0,0,0,0,0,0,0,0,0,0,,,,
1415206337.915,pg_catalog,pg_shseclabel,0,0,0,0,0,0,0,0,0,0,0,0,0,0,,,,
1415206337.915,public,customer,9,9000000,28,28,1500000,0,0,0,1500000,0,68533,294885,6,86,,,,
1415206337.915,pg_catalog,pg_foreign_table,0,0,0,0,0,0,0,0,0,0,0,0,0,0,,,,
1415206337.915,pg_toast,pg_toast_11620,0,0,0,0,0,0,0,0,0,0,0,0,0,0,,,,
1415206337.915,pg_catalog,pg_attrdef,0,0,0,0,0,0,0,0,0,0,0,0,0,0,0,0,0,0
1415206337.915,pg_catalog,pg_ts_template,0,0,0,0,0,0,0,0,0,0,0,0,0,0,,,,
1415206337.915,pg_catalog,pg_foreign_server,0,0,0,0,0,0,0,0,0,0,0,0,0,0,,,,
1415206337.915,pg_catalog,pg_default_acl,0,0,44,0,0,0,0,0,0,0,0,0,1,43,,,,
1415206337.915,pg_toast,pg_toast_11595,0,0,0,0,0,0,0,0,0,0,0,0,0,0,,,,
1415206337.915,public,time_statistics,8,50,,,11,8,0,8,11,8,2,25,,,,,,
1415206337.915,information_schema,sql_packages,0,0,,,0,0,0,0,0,0,0,0,,,0,0,0,0
1415206337.915,pg_catalog,pg_attribute,33,219,6185,12361,180,10,2,2,178,10,71,7002,19,13409,,,,
1415206337.915,pg_catalog,pg_statistic,0,0,1009,781,63,0,0,0,63,0,39,873,9,2295,94,787,5,616
1415206337.915,pg_toast,pg_toast_2618,0,0,92,298,0,0,0,0,0,0,19,141,6,134,,,,
1415206337.915,pg_toast,pg_toast_3596,0,0,0,0,0,0,0,0,0,0,0,0,0,0,,,,
1415206337.915,information_schema,sql_features,0,0,,,0,0,0,0,0,0,0,0,,,0,0,0,0
1415206337.915,pg_catalog,pg_depend,0,0,352,332,99,0,9,0,90,9,19,505,21,1157,,,,
1415206337.915,pg_toast,pg_toast_11605,0,0,0,0,0,0,0,0,0,0,0,0,0,0,,,,
1415206337.915,pg_catalog,pg_opclass,6,6,1055,11443,0,0,0,0,0,0,4,3704,8,1436,,,,
1415206337.915,pg_catalog,pg_proc,0,0,2201,3263,0,0,0,0,0,0,68,2523,41,4820,0,0,0,0
1415206337.915,pg_catalog,pg_trigger,0,0,0,0,0,0,0,0,0,0,0,0,0,0,0,0,0,0
1415206337.915,information_schema,sql_languages,0,0,,,0,0,0,0,0,0,0,0,,,0,0,0,0
1415206337.915,pg_catalog,pg_am,288,288,0,0,0,0,0,0,0,0,2,286,0,0,,,,
1415206337.915,pg_catalog,pg_largeobject_metadata,0,0,0,0,0,0,0,0,0,0,0,0,0,0,,,,
1415206337.915,pg_catalog,pg_ts_config_map,0,0,0,0,0,0,0,0,0,0,0,0,0,0,,,,
1415206337.915,pg_catalog,pg_type,0,0,3473,3422,21,0,2,0,19,2,12,3466,12,3877,,,,
1415206337.915,information_schema,sql_sizing_profiles,0,0,,,0,0,0,0,0,0,0,0,,,0,0,0,0
1415206337.915,pg_catalog,pg_shdepend,0,0,17,12,0,0,0,0,0,0,1,11,4,27,,,,
1415206337.915,pg_catalog,pg_conversion,0,0,0,0,0,0,0,0,0,0,0,0,0,0,,,,
1415206337.915,pg_catalog,pg_foreign_data_wrapper,0,0,0,0,0,0,0,0,0,0,0,0,0,0,,,,
1415206337.915,pg_catalog,pg_opfamily,0,0,0,0,0,0,0,0,0,0,0,0,0,0,,,,
1415206337.915,pg_catalog,pg_shdescription,0,0,0,0,0,0,0,0,0,0,0,0,0,0,0,0,0,0
1415206337.915,pg_catalog,pg_tablespace,2,4,153,153,0,0,0,0,0,0,3,152,6,300,,,,
1415206337.915,pg_catalog,pg_inherits,0,0,1,0,0,0,0,0,0,0,0,0,1,0,,,,
1415206337.915,pg_toast,pg_toast_2606,0,0,0,0,0,0,0,0,0,0,0,0,0,0,,,,
1415206337.915,pg_toast,pg_toast_2964,0,0,0,0,0,0,0,0,0,0,0,0,0,0,,,,
1415206337.915,pg_catalog,pg_database,73,271,1082,1080,1,0,0,0,1,0,0,1154,12,1645,,,,
1415206337.915,pg_toast,pg_toast_2620,0,0,0,0,0,0,0,0,0,0,0,0,0,0,,,,
1415206337.915,information_schema,sql_sizing,0,0,,,0,0,0,0,0,0,0,0,,,0,0,0,0
1415206337.915,pg_catalog,pg_amproc,6,12,807,1247,0,0,0,0,0,0,6,801,6,1868,,,,
1415206337.915,public,partsupp,4,24000000,48356,9715703,8000000,0,0,0,8000000,0,511569,2830215,37541,134374,,,,
1415206337.915,pg_catalog,pg_collation,0,0,0,0,0,0,0,0,0,0,0,0,0,0,,,,
1415206337.915,pg_catalog,pg_constraint,0,0,8,0,8,0,0,0,8,0,5,28,8,64,0,0,0,0
1415206337.915,pg_catalog,pg_range,0,0,9,0,0,0,0,0,0,0,0,0,6,12,,,,
1415206337.915,pg_toast,pg_toast_11600,0,0,0,0,0,0,0,0,0,0,0,0,0,0,,,,
1415206337.915,pg_toast,pg_toast_11590,0,0,0,0,0,0,0,0,0,0,0,0,0,0,,,,
1415206337.915,information_schema,sql_implementation_info,0,0,,,0,0,0,0,0,0,0,0,,,0,0,0,0
1415206337.915,pg_catalog,pg_user_mapping,0,0,0,0,0,0,0,0,0,0,0,0,0,0,,,,
1415206337.915,public,orders,10,60000000,3262467,3262467,15015000,0,0,0,15015000,0,758078,4568536,43912,9896925,,,,
1415206337.915,pg_catalog,pg_largeobject,0,0,0,0,0,0,0,0,0,0,0,0,0,0,,,,
1415206337.915,pg_catalog,pg_namespace,69,414,762,531,0,0,0,0,0,0,2,598,10,1016,,,,
1415206337.915,information_schema,sql_parts,0,0,,,0,0,0,0,0,0,0,0,,,0,0,0,0
1415206337.915,pg_catalog,pg_authid,29,29,482,482,0,0,0,0,0,0,3,508,12,952,,,,
1415206337.915,pg_catalog,pg_index,111,11935,1954,2697,28,0,0,0,28,0,13,2545,8,2453,,,,
1415206337.915,pg_catalog,pg_ts_dict,0,0,0,0,0,0,0,0,0,0,0,0,0,0,,,,
1415206337.915,pg_catalog,pg_class,276,66222,9344,9085,39,1,1,1,38,2,22,11363,15,10541,,,,
1415206337.915,pg_toast,pg_toast_2396,0,0,0,0,0,0,0,0,0,0,0,0,0,0,,,,
1415206337.915,pg_catalog,pg_enum,0,0,0,0,0,0,0,0,0,0,0,0,0,0,,,,
1415206337.915,pg_catalog,pg_db_role_setting,0,0,864,0,0,0,0,0,0,0,0,0,3,861,0,0,0,0
1415206337.915,pg_catalog,pg_seclabel,0,0,4,0,0,0,0,0,0,0,0,0,1,3,0,0,0,0
1415206337.915,pg_toast,pg_toast_2609,0,0,0,0,0,0,0,0,0,0,0,0,0,0,,,,
1415206337.915,pg_toast,pg_toast_1255,0,0,0,0,0,0,0,0,0,0,0,0,0,0,,,,
1415206337.915,pg_catalog,pg_rewrite,0,0,166,163,1,0,1,0,0,1,22,148,8,278,19,141,6,134
1415206337.915,pg_catalog,pg_ts_config,0,0,0,0,0,0,0,0,0,0,0,0,0,0,,,,
1415206337.915,pg_catalog,pg_extension,0,0,0,0,0,0,0,0,0,0,0,0,0,0,,,,
1415206337.915,pg_catalog,pg_amop,0,0,1478,1930,0,0,0,0,0,0,8,1922,13,3211,,,,
1415206337.915,pg_catalog,pg_cast,0,0,4426,1410,0,0,0,0,0,0,4,1406,4,4621,,,,
1415206337.915,public,nation,12,100,3288025,3288025,25,0,0,0,25,0,2,3288029,4,3288033,,,,
1415206337.915,pg_toast,pg_toast_2619,0,0,347,1028,240,0,0,0,240,0,94,787,5,616,,,,
1415206337.915,pg_toast,pg_toast_11610,0,0,0,0,0,0,0,0,0,0,0,0,0,0,,,,
1415206337.915,public,region,6392,31935,12,12,5,0,0,0,5,0,2,6399,4,12,,,,
1415206337.915,pg_toast,pg_toast_2604,0,0,0,0,0,0,0,0,0,0,0,0,0,0,,,,
1415206397.9202,pg_catalog,pg_auth_members,0,0,0,0,0,0,0,0,0,0,0,0,0,0,,,,
1415206397.9202,pg_catalog,pg_operator,0,0,1033,3277,0,0,0,0,0,0,29,2445,18,2347,,,,
1415206397.9202,pg_catalog,pg_aggregate,0,0,62,62,0,0,0,0,0,0,2,60,4,111,,,,
1415206397.9202,pg_catalog,pg_pltemplate,0,0,0,0,0,0,0,0,0,0,0,0,0,0,,,,
1415206397.9202,public,lineitem,20,720011475,104913,12981330,60045669,0,0,0,60045489,0,12694233,8276962,177072,1698521,,,,
1415206397.9202,pg_toast,pg_toast_11615,0,0,0,0,0,0,0,0,0,0,0,0,0,0,,,,
1415206397.9202,public,supplier,12,600000,3312272,3312272,100000,0,0,0,100000,0,6670,3327920,556,6641827,,,,
1415206397.9202,pg_catalog,pg_description,0,0,4,0,0,0,0,0,0,0,0,0,3,6,0,0,0,0
1415206397.9202,pg_catalog,pg_language,0,0,0,0,0,0,0,0,0,0,0,0,0,0,,,,
1415206397.9202,public,part,12,18000000,51,2015426,2000000,0,0,0,2000000,0,132934,450079,5582,144,,,,
1415206397.9202,pg_catalog,pg_ts_parser,0,0,0,0,0,0,0,0,0,0,0,0,0,0,,,,
1415206397.9202,pg_catalog,pg_shseclabel,0,0,0,0,0,0,0,0,0,0,0,0,0,0,,,,
1415206397.9202,public,customer,10,10500000,41,300999,1500000,0,0,0,1500000,0,103811,440229,845,112,,,,
1415206397.9202,pg_catalog,pg_foreign_table,0,0,0,0,0,0,0,0,0,0,0,0,0,0,,,,
1415206397.9202,pg_toast,pg_toast_11620,0,0,0,0,0,0,0,0,0,0,0,0,0,0,,,,
1415206397.9202,pg_catalog,pg_attrdef,0,0,0,0,0,0,0,0,0,0,0,0,0,0,0,0,0,0
1415206397.9202,pg_catalog,pg_ts_template,0,0,0,0,0,0,0,0,0,0,0,0,0,0,,,,
1415206397.9202,pg_catalog,pg_foreign_server,0,0,0,0,0,0,0,0,0,0,0,0,0,0,,,,
1415206397.9202,pg_catalog,pg_default_acl,0,0,44,0,0,0,0,0,0,0,0,0,1,43,,,,
1415206397.9202,pg_toast,pg_toast_11595,0,0,0,0,0,0,0,0,0,0,0,0,0,0,,,,
1415206397.9202,public,time_statistics,10,73,,,13,10,0,10,13,10,2,31,,,,,,
1415206397.9202,information_schema,sql_packages,0,0,,,0,0,0,0,0,0,0,0,,,0,0,0,0
1415206397.9202,pg_catalog,pg_attribute,33,219,6449,12847,180,10,2,2,178,10,71,7275,19,13949,,,,
1415206397.9202,pg_catalog,pg_statistic,0,0,1066,828,63,0,0,0,63,0,43,916,9,2416,105,814,5,644
1415206397.9202,pg_toast,pg_toast_2618,0,0,96,311,0,0,0,0,0,0,19,148,6,140,,,,
1415206397.9202,pg_toast,pg_toast_3596,0,0,0,0,0,0,0,0,0,0,0,0,0,0,,,,
1415206397.9202,information_schema,sql_features,0,0,,,0,0,0,0,0,0,0,0,,,0,0,0,0
1415206397.9202,pg_catalog,pg_depend,0,0,352,332,99,0,9,0,90,9,19,505,21,1157,,,,
1415206397.9202,pg_toast,pg_toast_11605,0,0,0,0,0,0,0,0,0,0,0,0,0,0,,,,
1415206397.9202,pg_catalog,pg_opclass,6,6,1103,11951,0,0,0,0,0,0,4,3883,8,1500,,,,
1415206397.9202,pg_catalog,pg_proc,0,0,2315,3419,0,0,0,0,0,0,72,2647,41,5070,0,0,0,0
1415206397.9202,pg_catalog,pg_trigger,0,0,0,0,0,0,0,0,0,0,0,0,0,0,0,0,0,0
1415206397.9202,information_schema,sql_languages,0,0,,,0,0,0,0,0,0,0,0,,,0,0,0,0
1415206397.9202,pg_catalog,pg_am,300,300,0,0,0,0,0,0,0,0,2,298,0,0,,,,
1415206397.9202,pg_catalog,pg_largeobject_metadata,0,0,0,0,0,0,0,0,0,0,0,0,0,0,,,,
1415206397.9202,pg_catalog,pg_ts_config_map,0,0,0,0,0,0,0,0,0,0,0,0,0,0,,,,
1415206397.9202,pg_catalog,pg_type,0,0,3708,3657,21,0,2,0,19,2,12,3701,15,4121,,,,
1415206397.9202,information_schema,sql_sizing_profiles,0,0,,,0,0,0,0,0,0,0,0,,,0,0,0,0
1415206397.9202,pg_catalog,pg_shdepend,0,0,17,12,0,0,0,0,0,0,1,11,4,27,,,,
1415206397.9202,pg_catalog,pg_conversion,0,0,0,0,0,0,0,0,0,0,0,0,0,0,,,,
1415206397.9202,pg_catalog,pg_foreign_data_wrapper,0,0,0,0,0,0,0,0,0,0,0,0,0,0,,,,
1415206397.9202,pg_catalog,pg_opfamily,0,0,0,0,0,0,0,0,0,0,0,0,0,0,,,,
1415206397.9202,pg_catalog,pg_shdescription,0,0,0,0,0,0,0,0,0,0,0,0,0,0,0,0,0,0
1415206397.9202,pg_catalog,pg_tablespace,2,4,160,160,0,0,0,0,0,0,3,159,6,314,,,,
1415206397.9202,pg_catalog,pg_inherits,0,0,1,0,0,0,0,0,0,0,0,0,1,0,,,,
1415206397.9202,pg_toast,pg_toast_2606,0,0,0,0,0,0,0,0,0,0,0,0,0,0,,,,
1415206397.9202,pg_toast,pg_toast_2964,0,0,0,0,0,0,0,0,0,0,0,0,0,0,,,,
1415206397.9202,pg_catalog,pg_database,76,283,1123,1121,1,0,0,0,1,0,0,1198,12,1712,,,,
1415206397.9202,pg_toast,pg_toast_2620,0,0,0,0,0,0,0,0,0,0,0,0,0,0,,,,
1415206397.9202,information_schema,sql_sizing,0,0,,,0,0,0,0,0,0,0,0,,,0,0,0,0
1415206397.9202,pg_catalog,pg_amproc,6,12,846,1305,0,0,0,0,0,0,6,839,6,1958,,,,
1415206397.9202,public,partsupp,4,24000000,48356,9715703,8000000,0,0,0,8000000,0,511569,2830215,37541,134374,,,,
1415206397.9202,pg_catalog,pg_collation,0,0,0,0,0,0,0,0,0,0,0,0,0,0,,,,
1415206397.9202,pg_catalog,pg_constraint,0,0,8,0,8,0,0,0,8,0,5,28,8,64,0,0,0,0
1415206397.9202,pg_catalog,pg_range,0,0,12,0,0,0,0,0,0,0,0,0,6,18,,,,
1415206397.9202,pg_toast,pg_toast_11600,0,0,0,0,0,0,0,0,0,0,0,0,0,0,,,,
1415206397.9202,pg_toast,pg_toast_11590,0,0,0,0,0,0,0,0,0,0,0,0,0,0,,,,
1415206397.9202,information_schema,sql_implementation_info,0,0,,,0,0,0,0,0,0,0,0,,,0,0,0,0
1415206397.9202,pg_catalog,pg_user_mapping,0,0,0,0,0,0,0,0,0,0,0,0,0,0,,,,
1415206397.9202,public,orders,11,75015000,3262476,7824436,15015000,0,0,0,15015000,0,1026327,4807339,56374,9896945,,,,
1415206397.9202,pg_catalog,pg_largeobject,0,0,0,0,0,0,0,0,0,0,0,0,0,0,,,,
1415206397.9202,pg_catalog,pg_namespace,72,432,789,549,0,0,0,0,0,0,2,619,10,1053,,,,
1415206397.9202,information_schema,sql_parts,0,0,,,0,0,0,0,0,0,0,0,,,0,0,0,0
1415206397.9202,pg_catalog,pg_authid,29,29,504,504,0,0,0,0,0,0,3,530,12,996,,,,
1415206397.9202,pg_catalog,pg_index,115,12487,2042,2824,28,0,0,0,28,0,13,2657,8,2558,,,,
1415206397.9202,pg_catalog,pg_ts_dict,0,0,0,0,0,0,0,0,0,0,0,0,0,0,,,,
1415206397.9202,pg_catalog,pg_class,286,68913,9783,9510,39,1,1,1,38,2,22,11869,15,11035,,,,
1415206397.9202,pg_toast,pg_toast_2396,0,0,0,0,0,0,0,0,0,0,0,0,0,0,,,,
1415206397.9202,pg_catalog,pg_enum,0,0,0,0,0,0,0,0,0,0,0,0,0,0,,,,
1415206397.9202,pg_catalog,pg_db_role_setting,0,0,903,0,0,0,0,0,0,0,0,0,3,900,0,0,0,0
1415206397.9202,pg_catalog,pg_seclabel,0,0,4,0,0,0,0,0,0,0,0,0,1,3,0,0,0,0
1415206397.9202,pg_toast,pg_toast_2609,0,0,0,0,0,0,0,0,0,0,0,0,0,0,,,,
1415206397.9202,pg_toast,pg_toast_1255,0,0,0,0,0,0,0,0,0,0,0,0,0,0,,,,
1415206397.9202,pg_catalog,pg_rewrite,0,0,171,168,1,0,1,0,0,1,22,153,8,286,19,148,6,140
1415206397.9202,pg_catalog,pg_ts_config,0,0,0,0,0,0,0,0,0,0,0,0,0,0,,,,
1415206397.9202,pg_catalog,pg_extension,0,0,0,0,0,0,0,0,0,0,0,0,0,0,,,,
1415206397.9202,pg_catalog,pg_amop,0,0,1549,2035,0,0,0,0,0,0,8,2027,13,3363,,,,
1415206397.9202,pg_catalog,pg_cast,0,0,4743,1480,0,0,0,0,0,0,4,1476,4,4947,,,,
1415206397.9202,public,nation,13,125,3312272,3312272,25,0,0,0,25,0,3,3312276,6,3312279,,,,
1415206397.9202,pg_toast,pg_toast_2619,0,0,373,1107,240,0,0,0,240,0,105,814,5,644,,,,
1415206397.9202,pg_toast,pg_toast_11610,0,0,0,0,0,0,0,0,0,0,0,0,0,0,,,,
1415206397.9202,public,region,6393,31940,14,14,5,0,0,0,5,0,3,6401,6,13,,,,
1415206397.9202,pg_toast,pg_toast_2604,0,0,0,0,0,0,0,0,0,0,0,0,0,0,,,,
1415206457.92267,pg_catalog,pg_auth_members,0,0,0,0,0,0,0,0,0,0,0,0,0,0,,,,
1415206457.92267,pg_catalog,pg_operator,0,0,1065,3367,0,0,0,0,0,0,29,2513,18,2423,,,,
1415206457.92267,pg_catalog,pg_aggregate,0,0,64,64,0,0,0,0,0,0,2,62,4,115,,,,
1415206457.92267,pg_catalog,pg_pltemplate,0,0,0,0,0,0,0,0,0,0,0,0,0,0,,,,
1415206457.92267,public,lineitem,22,840102813,805495,14268373,60045669,0,0,0,60045489,0,13795388,10020880,339381,4342318,,,,
1415206457.92267,pg_toast,pg_toast_11615,0,0,0,0,0,0,0,0,0,0,0,0,0,0,,,,
1415206457.92267,public,supplier,12,600000,3312277,3316249,100000,0,0,0,100000,0,6670,3329783,570,6641836,,,,
1415206457.92267,pg_catalog,pg_description,0,0,4,0,0,0,0,0,0,0,0,0,3,6,0,0,0,0
1415206457.92267,pg_catalog,pg_language,0,0,0,0,0,0,0,0,0,0,0,0,0,0,,,,
1415206457.92267,public,part,12,18000000,51,2015426,2000000,0,0,0,2000000,0,132934,450079,5582,144,,,,
1415206457.92267,pg_catalog,pg_ts_parser,0,0,0,0,0,0,0,0,0,0,0,0,0,0,,,,
1415206457.92267,pg_catalog,pg_shseclabel,0,0,0,0,0,0,0,0,0,0,0,0,0,0,,,,
1415206457.92267,public,customer,10,10500000,41,300999,1500000,0,0,0,1500000,0,103811,440229,845,112,,,,
1415206457.92267,pg_catalog,pg_foreign_table,0,0,0,0,0,0,0,0,0,0,0,0,0,0,,,,
1415206457.92267,pg_toast,pg_toast_11620,0,0,0,0,0,0,0,0,0,0,0,0,0,0,,,,
1415206457.92267,pg_catalog,pg_attrdef,0,0,0,0,0,0,0,0,0,0,0,0,0,0,0,0,0,0
1415206457.92267,pg_catalog,pg_ts_template,0,0,0,0,0,0,0,0,0,0,0,0,0,0,,,,
1415206457.92267,pg_catalog,pg_foreign_server,0,0,0,0,0,0,0,0,0,0,0,0,0,0,,,,
1415206457.92267,pg_catalog,pg_default_acl,0,0,44,0,0,0,0,0,0,0,0,0,1,43,,,,
1415206457.92267,pg_toast,pg_toast_11595,0,0,0,0,0,0,0,0,0,0,0,0,0,0,,,,
1415206457.92267,public,time_statistics,11,86,,,14,11,0,11,14,11,2,34,,,,,,
1415206457.92267,information_schema,sql_packages,0,0,,,0,0,0,0,0,0,0,0,,,0,0,0,0
1415206457.92267,pg_catalog,pg_attribute,33,219,6676,13245,180,10,2,2,178,10,71,7506,19,14412,,,,
1415206457.92267,pg_catalog,pg_statistic,0,0,1107,860,63,0,0,0,63,0,44,947,9,2505,106,827,5,656
1415206457.92267,pg_toast,pg_toast_2618,0,0,100,324,0,0,0,0,0,0,22,152,6,146,,,,
1415206457.92267,pg_toast,pg_toast_3596,0,0,0,0,0,0,0,0,0,0,0,0,0,0,,,,
1415206457.92267,information_schema,sql_features,0,0,,,0,0,0,0,0,0,0,0,,,0,0,0,0
1415206457.92267,pg_catalog,pg_depend,0,0,352,332,99,0,9,0,90,9,19,505,21,1157,,,,
1415206457.92267,pg_toast,pg_toast_11605,0,0,0,0,0,0,0,0,0,0,0,0,0,0,,,,
1415206457.92267,pg_catalog,pg_opclass,6,6,1134,12290,0,0,0,0,0,0,4,3999,8,1544,,,,
1415206457.92267,pg_catalog,pg_proc,0,0,2409,3549,0,0,0,0,0,0,76,2752,41,5279,0,0,0,0
1415206457.92267,pg_catalog,pg_trigger,0,0,0,0,0,0,0,0,0,0,0,0,0,0,0,0,0,0
1415206457.92267,information_schema,sql_languages,0,0,,,0,0,0,0,0,0,0,0,,,0,0,0,0
1415206457.92267,pg_catalog,pg_am,309,309,0,0,0,0,0,0,0,0,2,307,0,0,,,,
1415206457.92267,pg_catalog,pg_largeobject_metadata,0,0,0,0,0,0,0,0,0,0,0,0,0,0,,,,
1415206457.92267,pg_catalog,pg_ts_config_map,0,0,0,0,0,0,0,0,0,0,0,0,0,0,,,,
1415206457.92267,pg_catalog,pg_type,0,0,3853,3802,21,0,2,0,19,2,12,3846,15,4274,,,,
1415206457.92267,information_schema,sql_sizing_profiles,0,0,,,0,0,0,0,0,0,0,0,,,0,0,0,0
1415206457.92267,pg_catalog,pg_shdepend,0,0,17,12,0,0,0,0,0,0,1,11,4,27,,,,
1415206457.92267,pg_catalog,pg_conversion,0,0,0,0,0,0,0,0,0,0,0,0,0,0,,,,
1415206457.92267,pg_catalog,pg_foreign_data_wrapper,0,0,0,0,0,0,0,0,0,0,0,0,0,0,,,,
1415206457.92267,pg_catalog,pg_opfamily,0,0,0,0,0,0,0,0,0,0,0,0,0,0,,,,
1415206457.92267,pg_catalog,pg_shdescription,0,0,0,0,0,0,0,0,0,0,0,0,0,0,0,0,0,0
1415206457.92267,pg_catalog,pg_tablespace,2,4,167,167,0,0,0,0,0,0,3,166,6,328,,,,
1415206457.92267,pg_catalog,pg_inherits,0,0,1,0,0,0,0,0,0,0,0,0,1,0,,,,
1415206457.92267,pg_toast,pg_toast_2606,0,0,0,0,0,0,0,0,0,0,0,0,0,0,,,,
1415206457.92267,pg_toast,pg_toast_2964,0,0,0,0,0,0,0,0,0,0,0,0,0,0,,,,
1415206457.92267,pg_catalog,pg_database,79,295,1161,1159,1,0,0,0,1,0,0,1239,12,1770,,,,
1415206457.92267,pg_toast,pg_toast_2620,0,0,0,0,0,0,0,0,0,0,0,0,0,0,,,,
1415206457.92267,information_schema,sql_sizing,0,0,,,0,0,0,0,0,0,0,0,,,0,0,0,0
1415206457.92267,pg_catalog,pg_amproc,6,12,874,1346,0,0,0,0,0,0,6,866,6,2023,,,,
1415206457.92267,public,partsupp,4,24000000,48356,9715703,8000000,0,0,0,8000000,0,511569,2830215,37541,134374,,,,
1415206457.92267,pg_catalog,pg_collation,0,0,0,0,0,0,0,0,0,0,0,0,0,0,,,,
1415206457.92267,pg_catalog,pg_constraint,0,0,8,0,8,0,0,0,8,0,5,28,8,64,0,0,0,0
1415206457.92267,pg_catalog,pg_range,0,0,13,0,0,0,0,0,0,0,0,0,6,20,,,,
1415206457.92267,pg_toast,pg_toast_11600,0,0,0,0,0,0,0,0,0,0,0,0,0,0,,,,
1415206457.92267,pg_toast,pg_toast_11590,0,0,0,0,0,0,0,0,0,0,0,0,0,0,,,,
1415206457.92267,information_schema,sql_implementation_info,0,0,,,0,0,0,0,0,0,0,0,,,0,0,0,0
1415206457.92267,pg_catalog,pg_user_mapping,0,0,0,0,0,0,0,0,0,0,0,0,0,0,,,,
1415206457.92267,public,orders,11,75015000,4715466,9277426,15015000,0,0,0,15015000,0,1086986,6199670,97581,14222660,,,,
1415206457.92267,pg_catalog,pg_largeobject,0,0,0,0,0,0,0,0,0,0,0,0,0,0,,,,
1415206457.92267,pg_catalog,pg_namespace,75,450,812,564,0,0,0,0,0,0,2,637,10,1084,,,,
1415206457.92267,information_schema,sql_parts,0,0,,,0,0,0,0,0,0,0,0,,,0,0,0,0
1415206457.92267,pg_catalog,pg_authid,30,30,520,520,0,0,0,0,0,0,3,547,12,1028,,,,
1415206457.92267,pg_catalog,pg_index,119,13039,2097,2900,28,0,0,0,28,0,13,2733,8,2628,,,,
1415206457.92267,pg_catalog,pg_ts_dict,0,0,0,0,0,0,0,0,0,0,0,0,0,0,,,,
1415206457.92267,pg_catalog,pg_class,297,71930,10163,9884,39,1,1,1,38,2,23,12331,15,11453,,,,
1415206457.92267,pg_toast,pg_toast_2396,0,0,0,0,0,0,0,0,0,0,0,0,0,0,,,,
1415206457.92267,pg_catalog,pg_enum,0,0,0,0,0,0,0,0,0,0,0,0,0,0,,,,
1415206457.92267,pg_catalog,pg_db_role_setting,0,0,933,0,0,0,0,0,0,0,0,0,3,930,0,0,0,0
1415206457.92267,pg_catalog,pg_seclabel,0,0,4,0,0,0,0,0,0,0,0,0,1,3,0,0,0,0
1415206457.92267,pg_toast,pg_toast_2609,0,0,0,0,0,0,0,0,0,0,0,0,0,0,,,,
1415206457.92267,pg_toast,pg_toast_1255,0,0,0,0,0,0,0,0,0,0,0,0,0,0,,,,
1415206457.92267,pg_catalog,pg_rewrite,0,0,178,175,1,0,1,0,0,1,25,157,8,298,22,152,6,146
1415206457.92267,pg_catalog,pg_ts_config,0,0,0,0,0,0,0,0,0,0,0,0,0,0,,,,
1415206457.92267,pg_catalog,pg_extension,0,0,0,0,0,0,0,0,0,0,0,0,0,0,,,,
1415206457.92267,pg_catalog,pg_amop,0,0,1604,2107,0,0,0,0,0,0,8,2099,13,3484,,,,
1415206457.92267,pg_catalog,pg_cast,0,0,4879,1521,0,0,0,0,0,0,4,1517,4,5091,,,,
1415206457.92267,public,nation,14,150,3312274,3312274,25,0,0,0,25,0,3,3312279,6,3312282,,,,
1415206457.92267,pg_toast,pg_toast_2619,0,0,384,1140,240,0,0,0,240,0,106,827,5,656,,,,
1415206457.92267,pg_toast,pg_toast_11610,0,0,0,0,0,0,0,0,0,0,0,0,0,0,,,,
1415206457.92267,public,region,6393,31940,14,14,5,0,0,0,5,0,3,6401,6,13,,,,
1415206457.92267,pg_toast,pg_toast_2604,0,0,0,0,0,0,0,0,0,0,0,0,0,0,,,,
1415206517.92584,pg_catalog,pg_auth_members,0,0,0,0,0,0,0,0,0,0,0,0,0,0,,,,
1415206517.92584,pg_catalog,pg_operator,0,0,1096,3458,0,0,0,0,0,0,29,2580,18,2497,,,,
1415206517.92584,pg_catalog,pg_aggregate,0,0,67,67,0,0,0,0,0,0,2,65,4,120,,,,
1415206517.92584,pg_catalog,pg_pltemplate,0,0,0,0,0,0,0,0,0,0,0,0,0,0,,,,
1415206517.92584,public,lineitem,22,840102813,805495,14268373,60045669,0,0,0,60045489,0,13795388,10020880,339381,4342318,,,,
1415206517.92584,pg_toast,pg_toast_11615,0,0,0,0,0,0,0,0,0,0,0,0,0,0,,,,
1415206517.92584,public,supplier,12,600000,3312277,3316249,100000,0,0,0,100000,0,6670,3329783,570,6641836,,,,
1415206517.92584,pg_catalog,pg_description,0,0,4,0,0,0,0,0,0,0,0,0,3,6,0,0,0,0
1415206517.92584,pg_catalog,pg_language,0,0,0,0,0,0,0,0,0,0,0,0,0,0,,,,
1415206517.92584,public,part,12,18000000,51,2015426,2000000,0,0,0,2000000,0,132934,450079,5582,144,,,,
1415206517.92584,pg_catalog,pg_ts_parser,0,0,0,0,0,0,0,0,0,0,0,0,0,0,,,,
1415206517.92584,pg_catalog,pg_shseclabel,0,0,0,0,0,0,0,0,0,0,0,0,0,0,,,,
1415206517.92584,public,customer,11,12000000,43,301001,1500000,0,0,0,1500000,0,111293,468027,850,114,,,,
1415206517.92584,pg_catalog,pg_foreign_table,0,0,0,0,0,0,0,0,0,0,0,0,0,0,,,,
1415206517.92584,pg_toast,pg_toast_11620,0,0,0,0,0,0,0,0,0,0,0,0,0,0,,,,
1415206517.92584,pg_catalog,pg_attrdef,0,0,0,0,0,0,0,0,0,0,0,0,0,0,0,0,0,0
1415206517.92584,pg_catalog,pg_ts_template,0,0,0,0,0,0,0,0,0,0,0,0,0,0,,,,
1415206517.92584,pg_catalog,pg_foreign_server,0,0,0,0,0,0,0,0,0,0,0,0,0,0,,,,
1415206517.92584,pg_catalog,pg_default_acl,0,0,44,0,0,0,0,0,0,0,0,0,1,43,,,,
1415206517.92584,pg_toast,pg_toast_11595,0,0,0,0,0,0,0,0,0,0,0,0,0,0,,,,
1415206517.92584,public,time_statistics,12,100,,,15,12,0,12,15,12,2,37,,,,,,
1415206517.92584,information_schema,sql_packages,0,0,,,0,0,0,0,0,0,0,0,,,0,0,0,0
1415206517.92584,pg_catalog,pg_attribute,33,219,6887,13606,180,10,2,2,178,10,71,7720,19,14843,,,,
1415206517.92584,pg_catalog,pg_statistic,0,0,1141,885,63,0,0,0,63,0,46,970,9,2580,113,831,6,662
1415206517.92584,pg_toast,pg_toast_2618,0,0,104,337,0,0,0,0,0,0,22,159,6,152,,,,
1415206517.92584,pg_toast,pg_toast_3596,0,0,0,0,0,0,0,0,0,0,0,0,0,0,,,,
1415206517.92584,information_schema,sql_features,0,0,,,0,0,0,0,0,0,0,0,,,0,0,0,0
1415206517.92584,pg_catalog,pg_depend,0,0,352,332,99,0,9,0,90,9,19,505,21,1157,,,,
1415206517.92584,pg_toast,pg_toast_11605,0,0,0,0,0,0,0,0,0,0,0,0,0,0,,,,
1415206517.92584,pg_catalog,pg_opclass,6,6,1166,12630,0,0,0,0,0,0,4,4116,8,1589,,,,
1415206517.92584,pg_catalog,pg_proc,0,0,2504,3680,0,0,0,0,0,0,79,2859,41,5490,0,0,0,0
1415206517.92584,pg_catalog,pg_trigger,0,0,0,0,0,0,0,0,0,0,0,0,0,0,0,0,0,0
1415206517.92584,information_schema,sql_languages,0,0,,,0,0,0,0,0,0,0,0,,,0,0,0,0
1415206517.92584,pg_catalog,pg_am,318,318,0,0,0,0,0,0,0,0,2,316,0,0,,,,
1415206517.92584,pg_catalog,pg_largeobject_metadata,0,0,0,0,0,0,0,0,0,0,0,0,0,0,,,,
1415206517.92584,pg_catalog,pg_ts_config_map,0,0,0,0,0,0,0,0,0,0,0,0,0,0,,,,
1415206517.92584,pg_catalog,pg_type,0,0,4004,3951,21,0,2,0,19,2,12,3995,18,4433,,,,
1415206517.92584,information_schema,sql_sizing_profiles,0,0,,,0,0,0,0,0,0,0,0,,,0,0,0,0
1415206517.92584,pg_catalog,pg_shdepend,0,0,17,12,0,0,0,0,0,0,1,11,4,27,,,,
1415206517.92584,pg_catalog,pg_conversion,0,0,0,0,0,0,0,0,0,0,0,0,0,0,,,,
1415206517.92584,pg_catalog,pg_foreign_data_wrapper,0,0,0,0,0,0,0,0,0,0,0,0,0,0,,,,
1415206517.92584,pg_catalog,pg_opfamily,0,0,0,0,0,0,0,0,0,0,0,0,0,0,,,,
1415206517.92584,pg_catalog,pg_shdescription,0,0,0,0,0,0,0,0,0,0,0,0,0,0,0,0,0,0
1415206517.92584,pg_catalog,pg_tablespace,2,4,174,174,0,0,0,0,0,0,3,173,6,342,,,,
1415206517.92584,pg_catalog,pg_inherits,0,0,1,0,0,0,0,0,0,0,0,0,1,0,,,,
1415206517.92584,pg_toast,pg_toast_2606,0,0,0,0,0,0,0,0,0,0,0,0,0,0,,,,
1415206517.92584,pg_toast,pg_toast_2964,0,0,0,0,0,0,0,0,0,0,0,0,0,0,,,,
1415206517.92584,pg_catalog,pg_database,82,307,1199,1197,1,0,0,0,1,0,0,1280,12,1828,,,,
1415206517.92584,pg_toast,pg_toast_2620,0,0,0,0,0,0,0,0,0,0,0,0,0,0,,,,
1415206517.92584,information_schema,sql_sizing,0,0,,,0,0,0,0,0,0,0,0,,,0,0,0,0
1415206517.92584,pg_catalog,pg_amproc,6,12,900,1386,0,0,0,0,0,0,6,892,6,2084,,,,
1415206517.92584,public,partsupp,4,24000000,48356,9715703,8000000,0,0,0,8000000,0,511569,2830215,37541,134374,,,,
1415206517.92584,pg_catalog,pg_collation,0,0,0,0,0,0,0,0,0,0,0,0,0,0,,,,
1415206517.92584,pg_catalog,pg_constraint,0,0,8,0,8,0,0,0,8,0,5,28,8,64,0,0,0,0
1415206517.92584,pg_catalog,pg_range,0,0,14,0,0,0,0,0,0,0,0,0,6,22,,,,
1415206517.92584,pg_toast,pg_toast_11600,0,0,0,0,0,0,0,0,0,0,0,0,0,0,,,,
1415206517.92584,pg_toast,pg_toast_11590,0,0,0,0,0,0,0,0,0,0,0,0,0,0,,,,
1415206517.92584,information_schema,sql_implementation_info,0,0,,,0,0,0,0,0,0,0,0,,,0,0,0,0
1415206517.92584,pg_catalog,pg_user_mapping,0,0,0,0,0,0,0,0,0,0,0,0,0,0,,,,
1415206517.92584,public,orders,12,90030000,4715466,9277426,15015000,0,0,0,15015000,0,1088652,6451526,97581,14222660,,,,
1415206517.92584,pg_catalog,pg_largeobject,0,0,0,0,0,0,0,0,0,0,0,0,0,0,,,,
1415206517.92584,pg_catalog,pg_namespace,78,468,835,579,0,0,0,0,0,0,2,655,10,1115,,,,
1415206517.92584,information_schema,sql_parts,0,0,,,0,0,0,0,0,0,0,0,,,0,0,0,0
1415206517.92584,pg_catalog,pg_authid,31,31,536,536,0,0,0,0,0,0,3,564,12,1060,,,,
1415206517.92584,pg_catalog,pg_index,123,13591,2143,2962,28,0,0,0,28,0,13,2801,8,2689,,,,
1415206517.92584,pg_catalog,pg_ts_dict,0,0,0,0,0,0,0,0,0,0,0,0,0,0,,,,
1415206517.92584,pg_catalog,pg_class,308,74947,10525,10242,39,1,1,1,38,2,23,12778,15,11849,,,,
1415206517.92584,pg_toast,pg_toast_2396,0,0,0,0,0,0,0,0,0,0,0,0,0,0,,,,
1415206517.92584,pg_catalog,pg_enum,0,0,0,0,0,0,0,0,0,0,0,0,0,0,,,,
1415206517.92584,pg_catalog,pg_db_role_setting,0,0,963,0,0,0,0,0,0,0,0,0,3,960,0,0,0,0
1415206517.92584,pg_catalog,pg_seclabel,0,0,4,0,0,0,0,0,0,0,0,0,1,3,0,0,0,0
1415206517.92584,pg_toast,pg_toast_2609,0,0,0,0,0,0,0,0,0,0,0,0,0,0,,,,
1415206517.92584,pg_toast,pg_toast_1255,0,0,0,0,0,0,0,0,0,0,0,0,0,0,,,,
1415206517.92584,pg_catalog,pg_rewrite,0,0,185,182,1,0,1,0,0,1,25,164,8,310,22,159,6,152
1415206517.92584,pg_catalog,pg_ts_config,0,0,0,0,0,0,0,0,0,0,0,0,0,0,,,,
1415206517.92584,pg_catalog,pg_extension,0,0,0,0,0,0,0,0,0,0,0,0,0,0,,,,
1415206517.92584,pg_catalog,pg_amop,0,0,1658,2183,0,0,0,0,0,0,8,2175,13,3603,,,,
1415206517.92584,pg_catalog,pg_cast,0,0,5029,1571,0,0,0,0,0,0,4,1567,4,5249,,,,
1415206517.92584,public,nation,14,150,3312274,3312274,25,0,0,0,25,0,3,3312279,6,3312282,,,,
1415206517.92584,pg_toast,pg_toast_2619,0,0,390,1165,240,0,0,0,240,0,113,831,6,662,,,,
1415206517.92584,pg_toast,pg_toast_11610,0,0,0,0,0,0,0,0,0,0,0,0,0,0,,,,
1415206517.92584,public,region,6393,31940,14,14,5,0,0,0,5,0,3,6401,6,13,,,,
1415206517.92584,pg_toast,pg_toast_2604,0,0,0,0,0,0,0,0,0,0,0,0,0,0,,,,
1415206577.92908,pg_catalog,pg_auth_members,0,0,0,0,0,0,0,0,0,0,0,0,0,0,,,,
1415206577.92908,pg_catalog,pg_operator,0,0,1166,3798,0,0,0,0,0,0,30,2817,19,2657,,,,
1415206577.92908,pg_catalog,pg_aggregate,0,0,73,73,0,0,0,0,0,0,2,71,4,130,,,,
1415206577.92908,pg_catalog,pg_pltemplate,0,0,0,0,0,0,0,0,0,0,0,0,0,0,,,,
1415206577.92908,public,lineitem,23,900148482,805497,14268375,60045669,0,0,0,60045489,0,14311648,10571097,339382,4342326,,,,
1415206577.92908,pg_toast,pg_toast_11615,0,0,0,0,0,0,0,0,0,0,0,0,0,0,,,,
1415206577.92908,public,supplier,12,600000,3312278,3316305,100000,0,0,0,100000,0,6670,3329838,572,6641836,,,,
1415206577.92908,pg_catalog,pg_description,0,0,4,0,0,0,0,0,0,0,0,0,3,6,0,0,0,0
1415206577.92908,pg_catalog,pg_language,0,0,0,0,0,0,0,0,0,0,0,0,0,0,,,,
1415206577.92908,public,part,12,18000000,61,2335887,2000000,0,0,0,2000000,0,173444,450081,6476,157,,,,
1415206577.92908,pg_catalog,pg_ts_parser,0,0,0,0,0,0,0,0,0,0,0,0,0,0,,,,
1415206577.92908,pg_catalog,pg_shseclabel,0,0,0,0,0,0,0,0,0,0,0,0,0,0,,,,
1415206577.92908,public,customer,11,12000000,64,1173481,1500000,0,0,0,1500000,0,111293,573744,3599,148,,,,
1415206577.92908,pg_catalog,pg_foreign_table,0,0,0,0,0,0,0,0,0,0,0,0,0,0,,,,
1415206577.92908,pg_toast,pg_toast_11620,0,0,0,0,0,0,0,0,0,0,0,0,0,0,,,,
1415206577.92908,pg_catalog,pg_attrdef,0,0,0,0,0,0,0,0,0,0,0,0,0,0,0,0,0,0
1415206577.92908,pg_catalog,pg_ts_template,0,0,0,0,0,0,0,0,0,0,0,0,0,0,,,,
1415206577.92908,pg_catalog,pg_foreign_server,0,0,0,0,0,0,0,0,0,0,0,0,0,0,,,,
1415206577.92908,pg_catalog,pg_default_acl,0,0,44,0,0,0,0,0,0,0,0,0,1,43,,,,
1415206577.92908,pg_toast,pg_toast_11595,0,0,0,0,0,0,0,0,0,0,0,0,0,0,,,,
1415206577.92908,public,time_statistics,15,148,,,18,15,0,15,18,15,2,46,,,,,,
1415206577.92908,information_schema,sql_packages,0,0,,,0,0,0,0,0,0,0,0,,,0,0,0,0
1415206577.92908,pg_catalog,pg_attribute,33,219,7168,14127,180,10,2,2,178,10,71,8009,19,15418,,,,
1415206577.92908,pg_catalog,pg_statistic,0,0,1201,930,63,0,0,0,63,0,47,1014,9,2711,130,851,6,688
1415206577.92908,pg_toast,pg_toast_2618,0,0,108,350,0,0,0,0,0,0,22,166,6,158,,,,
1415206577.92908,pg_toast,pg_toast_3596,0,0,0,0,0,0,0,0,0,0,0,0,0,0,,,,
1415206577.92908,information_schema,sql_features,0,0,,,0,0,0,0,0,0,0,0,,,0,0,0,0
1415206577.92908,pg_catalog,pg_depend,0,0,352,332,99,0,9,0,90,9,19,505,21,1157,,,,
1415206577.92908,pg_toast,pg_toast_11605,0,0,0,0,0,0,0,0,0,0,0,0,0,0,,,,
1415206577.92908,pg_catalog,pg_opclass,6,6,1234,13462,0,0,0,0,0,0,4,4407,8,1676,,,,
1415206577.92908,pg_catalog,pg_proc,0,0,2643,3879,0,0,0,0,0,0,81,3016,43,5799,0,0,0,0
1415206577.92908,pg_catalog,pg_trigger,0,0,0,0,0,0,0,0,0,0,0,0,0,0,0,0,0,0
1415206577.92908,information_schema,sql_languages,0,0,,,0,0,0,0,0,0,0,0,,,0,0,0,0
1415206577.92908,pg_catalog,pg_am,331,331,0,0,0,0,0,0,0,0,2,329,0,0,,,,
1415206577.92908,pg_catalog,pg_largeobject_metadata,0,0,0,0,0,0,0,0,0,0,0,0,0,0,,,,
1415206577.92908,pg_catalog,pg_ts_config_map,0,0,0,0,0,0,0,0,0,0,0,0,0,0,,,,
1415206577.92908,pg_catalog,pg_type,0,0,4314,4259,21,0,2,0,19,2,12,4303,18,4762,,,,
1415206577.92908,information_schema,sql_sizing_profiles,0,0,,,0,0,0,0,0,0,0,0,,,0,0,0,0
1415206577.92908,pg_catalog,pg_shdepend,0,0,17,12,0,0,0,0,0,0,1,11,4,27,,,,
1415206577.92908,pg_catalog,pg_conversion,0,0,0,0,0,0,0,0,0,0,0,0,0,0,,,,
1415206577.92908,pg_catalog,pg_foreign_data_wrapper,0,0,0,0,0,0,0,0,0,0,0,0,0,0,,,,
1415206577.92908,pg_catalog,pg_opfamily,0,0,0,0,0,0,0,0,0,0,0,0,0,0,,,,
1415206577.92908,pg_catalog,pg_shdescription,0,0,0,0,0,0,0,0,0,0,0,0,0,0,0,0,0,0
1415206577.92908,pg_catalog,pg_tablespace,2,4,185,185,0,0,0,0,0,0,3,184,6,364,,,,
1415206577.92908,pg_catalog,pg_inherits,0,0,1,0,0,0,0,0,0,0,0,0,1,0,,,,
1415206577.92908,pg_toast,pg_toast_2606,0,0,0,0,0,0,0,0,0,0,0,0,0,0,,,,
1415206577.92908,pg_toast,pg_toast_2964,0,0,0,0,0,0,0,0,0,0,0,0,0,0,,,,
1415206577.92908,pg_catalog,pg_database,85,319,1249,1247,1,0,0,0,1,0,0,1333,12,1906,,,,
1415206577.92908,pg_toast,pg_toast_2620,0,0,0,0,0,0,0,0,0,0,0,0,0,0,,,,
1415206577.92908,information_schema,sql_sizing,0,0,,,0,0,0,0,0,0,0,0,,,0,0,0,0
1415206577.92908,pg_catalog,pg_amproc,6,12,956,1461,0,0,0,0,0,0,6,945,6,2209,,,,
1415206577.92908,public,partsupp,5,32000000,48358,9715705,8000000,0,0,0,8000000,0,682527,2830217,37547,134375,,,,
1415206577.92908,pg_catalog,pg_collation,0,0,0,0,0,0,0,0,0,0,0,0,0,0,,,,
1415206577.92908,pg_catalog,pg_constraint,0,0,8,0,8,0,0,0,8,0,5,28,8,64,0,0,0,0
1415206577.92908,pg_catalog,pg_range,0,0,17,0,0,0,0,0,0,0,0,0,6,28,,,,
1415206577.92908,pg_toast,pg_toast_11600,0,0,0,0,0,0,0,0,0,0,0,0,0,0,,,,
1415206577.92908,pg_toast,pg_toast_11590,0,0,0,0,0,0,0,0,0,0,0,0,0,0,,,,
1415206577.92908,information_schema,sql_implementation_info,0,0,,,0,0,0,0,0,0,0,0,,,0,0,0,0
1415206577.92908,pg_catalog,pg_user_mapping,0,0,0,0,0,0,0,0,0,0,0,0,0,0,,,,
1415206577.92908,public,orders,14,120060000,4715468,9277428,15015000,0,0,0,15015000,0,1088652,6958572,97582,14222666,,,,
1415206577.92908,pg_catalog,pg_largeobject,0,0,0,0,0,0,0,0,0,0,0,0,0,0,,,,
1415206577.92908,pg_catalog,pg_namespace,81,486,875,605,0,0,0,0,0,0,2,684,12,1168,,,,
1415206577.92908,information_schema,sql_parts,0,0,,,0,0,0,0,0,0,0,0,,,0,0,0,0
1415206577.92908,pg_catalog,pg_authid,32,32,560,560,0,0,0,0,0,0,3,589,12,1108,,,,
1415206577.92908,pg_catalog,pg_index,127,14143,2229,3084,28,0,0,0,28,0,13,2911,8,2796,,,,
1415206577.92908,pg_catalog,pg_ts_dict,0,0,0,0,0,0,0,0,0,0,0,0,0,0,,,,
1415206577.92908,pg_catalog,pg_class,319,77964,10972,10675,39,1,1,1,38,2,23,13300,15,12360,,,,
1415206577.92908,pg_toast,pg_toast_2396,0,0,0,0,0,0,0,0,0,0,0,0,0,0,,,,
1415206577.92908,pg_catalog,pg_enum,0,0,0,0,0,0,0,0,0,0,0,0,0,0,,,,
1415206577.92908,pg_catalog,pg_db_role_setting,0,0,1005,0,0,0,0,0,0,0,0,0,3,1002,0,0,0,0
1415206577.92908,pg_catalog,pg_seclabel,0,0,4,0,0,0,0,0,0,0,0,0,1,3,0,0,0,0
1415206577.92908,pg_toast,pg_toast_2609,0,0,0,0,0,0,0,0,0,0,0,0,0,0,,,,
1415206577.92908,pg_toast,pg_toast_1255,0,0,0,0,0,0,0,0,0,0,0,0,0,0,,,,
1415206577.92908,pg_catalog,pg_rewrite,0,0,192,189,1,0,1,0,0,1,25,171,8,322,22,166,6,158
1415206577.92908,pg_catalog,pg_ts_config,0,0,0,0,0,0,0,0,0,0,0,0,0,0,,,,
1415206577.92908,pg_catalog,pg_extension,0,0,0,0,0,0,0,0,0,0,0,0,0,0,,,,
1415206577.92908,pg_catalog,pg_amop,0,0,1766,2340,0,0,0,0,0,0,8,2332,13,3836,,,,
1415206577.92908,pg_catalog,pg_cast,0,0,5433,1663,0,0,0,0,0,0,4,1659,4,5667,,,,
1415206577.92908,public,nation,14,150,3312274,3312274,25,0,0,0,25,0,3,3312279,6,3312282,,,,
1415206577.92908,pg_toast,pg_toast_2619,0,0,413,1245,240,0,0,0,240,0,130,851,6,688,,,,
1415206577.92908,pg_toast,pg_toast_11610,0,0,0,0,0,0,0,0,0,0,0,0,0,0,,,,
1415206577.92908,public,region,6393,31940,14,14,5,0,0,0,5,0,3,6401,6,13,,,,
1415206577.92908,pg_toast,pg_toast_2604,0,0,0,0,0,0,0,0,0,0,0,0,0,0,,,,
1415206637.93511,pg_catalog,pg_auth_members,0,0,0,0,0,0,0,0,0,0,0,0,0,0,,,,
1415206637.93511,pg_catalog,pg_operator,0,0,1215,3989,0,0,0,0,0,0,31,2956,19,2771,,,,
1415206637.93511,pg_catalog,pg_aggregate,0,0,76,76,0,0,0,0,0,0,2,74,4,136,,,,
1415206637.93511,pg_catalog,pg_pltemplate,0,0,0,0,0,0,0,0,0,0,0,0,0,0,,,,
1415206637.93511,public,lineitem,23,900148482,805500,52235493,60045669,0,0,0,60045489,0,15333359,10710242,443215,4342335,,,,
1415206637.93511,pg_toast,pg_toast_11615,0,0,0,0,0,0,0,0,0,0,0,0,0,0,,,,
1415206637.93511,public,supplier,12,600000,3312288,3324333,100000,0,0,0,100000,0,8512,3331686,590,6641862,,,,
1415206637.93511,pg_catalog,pg_description,0,0,4,0,0,0,0,0,0,0,0,0,3,6,0,0,0,0
1415206637.93511,pg_catalog,pg_language,0,0,0,0,0,0,0,0,0,0,0,0,0,0,,,,
1415206637.93511,public,part,12,18000000,61,2335887,2000000,0,0,0,2000000,0,173444,450081,6476,157,,,,
1415206637.93511,pg_catalog,pg_ts_parser,0,0,0,0,0,0,0,0,0,0,0,0,0,0,,,,
1415206637.93511,pg_catalog,pg_shseclabel,0,0,0,0,0,0,0,0,0,0,0,0,0,0,,,,
1415206637.93511,public,customer,11,12000000,64,1173481,1500000,0,0,0,1500000,0,111293,573744,3599,148,,,,
1415206637.93511,pg_catalog,pg_foreign_table,0,0,0,0,0,0,0,0,0,0,0,0,0,0,,,,
1415206637.93511,pg_toast,pg_toast_11620,0,0,0,0,0,0,0,0,0,0,0,0,0,0,,,,
1415206637.93511,pg_catalog,pg_attrdef,0,0,0,0,0,0,0,0,0,0,0,0,0,0,0,0,0,0
1415206637.93511,pg_catalog,pg_ts_template,0,0,0,0,0,0,0,0,0,0,0,0,0,0,,,,
1415206637.93511,pg_catalog,pg_foreign_server,0,0,0,0,0,0,0,0,0,0,0,0,0,0,,,,
1415206637.93511,pg_catalog,pg_default_acl,0,0,44,0,0,0,0,0,0,0,0,0,1,43,,,,
1415206637.93511,pg_toast,pg_toast_11595,0,0,0,0,0,0,0,0,0,0,0,0,0,0,,,,
1415206637.93511,public,time_statistics,17,185,,,20,17,0,17,20,17,2,52,,,,,,
1415206637.93511,information_schema,sql_packages,0,0,,,0,0,0,0,0,0,0,0,,,0,0,0,0
1415206637.93511,pg_catalog,pg_attribute,33,219,7417,14574,180,10,2,2,178,10,71,8263,19,15930,,,,
1415206637.93511,pg_catalog,pg_statistic,0,0,1246,963,63,0,0,0,63,0,49,1045,9,2810,140,861,6,705
1415206637.93511,pg_toast,pg_toast_2618,0,0,112,363,0,0,0,0,0,0,22,173,6,164,,,,
1415206637.93511,pg_toast,pg_toast_3596,0,0,0,0,0,0,0,0,0,0,0,0,0,0,,,,
1415206637.93511,information_schema,sql_features,0,0,,,0,0,0,0,0,0,0,0,,,0,0,0,0
1415206637.93511,pg_catalog,pg_depend,0,0,352,332,99,0,9,0,90,9,19,505,21,1157,,,,
1415206637.93511,pg_toast,pg_toast_11605,0,0,0,0,0,0,0,0,0,0,0,0,0,0,,,,
1415206637.93511,pg_catalog,pg_opclass,6,6,1275,13887,0,0,0,0,0,0,4,4556,8,1736,,,,
1415206637.93511,pg_catalog,pg_proc,0,0,2755,4034,0,0,0,0,0,0,84,3141,44,6049,0,0,0,0
1415206637.93511,pg_catalog,pg_trigger,0,0,0,0,0,0,0,0,0,0,0,0,0,0,0,0,0,0
1415206637.93511,information_schema,sql_languages,0,0,,,0,0,0,0,0,0,0,0,,,0,0,0,0
1415206637.93511,pg_catalog,pg_am,345,345,0,0,0,0,0,0,0,0,2,343,0,0,,,,
1415206637.93511,pg_catalog,pg_largeobject_metadata,0,0,0,0,0,0,0,0,0,0,0,0,0,0,,,,
1415206637.93511,pg_catalog,pg_ts_config_map,0,0,0,0,0,0,0,0,0,0,0,0,0,0,,,,
1415206637.93511,pg_catalog,pg_type,0,0,4526,4471,21,0,2,0,19,2,12,4515,18,4988,,,,
1415206637.93511,information_schema,sql_sizing_profiles,0,0,,,0,0,0,0,0,0,0,0,,,0,0,0,0
1415206637.93511,pg_catalog,pg_shdepend,0,0,17,12,0,0,0,0,0,0,1,11,4,27,,,,
1415206637.93511,pg_catalog,pg_conversion,0,0,0,0,0,0,0,0,0,0,0,0,0,0,,,,
1415206637.93511,pg_catalog,pg_foreign_data_wrapper,0,0,0,0,0,0,0,0,0,0,0,0,0,0,,,,
1415206637.93511,pg_catalog,pg_opfamily,0,0,0,0,0,0,0,0,0,0,0,0,0,0,,,,
1415206637.93511,pg_catalog,pg_shdescription,0,0,0,0,0,0,0,0,0,0,0,0,0,0,0,0,0,0
1415206637.93511,pg_catalog,pg_tablespace,2,4,194,194,0,0,0,0,0,0,3,193,6,382,,,,
1415206637.93511,pg_catalog,pg_inherits,0,0,1,0,0,0,0,0,0,0,0,0,1,0,,,,
1415206637.93511,pg_toast,pg_toast_2606,0,0,0,0,0,0,0,0,0,0,0,0,0,0,,,,
1415206637.93511,pg_toast,pg_toast_2964,0,0,0,0,0,0,0,0,0,0,0,0,0,0,,,,
1415206637.93511,pg_catalog,pg_database,88,331,1302,1300,1,0,0,0,1,0,0,1389,12,1989,,,,
1415206637.93511,pg_toast,pg_toast_2620,0,0,0,0,0,0,0,0,0,0,0,0,0,0,,,,
1415206637.93511,information_schema,sql_sizing,0,0,,,0,0,0,0,0,0,0,0,,,0,0,0,0
1415206637.93511,pg_catalog,pg_amproc,6,12,991,1515,0,0,0,0,0,0,6,979,6,2293,,,,
1415206637.93511,public,partsupp,5,32000000,56386,10357313,8000000,0,0,0,8000000,0,827507,3326845,42123,155780,,,,
1415206637.93511,pg_catalog,pg_collation,0,0,0,0,0,0,0,0,0,0,0,0,0,0,,,,
1415206637.93511,pg_catalog,pg_constraint,0,0,8,0,8,0,0,0,8,0,5,28,8,64,0,0,0,0
1415206637.93511,pg_catalog,pg_range,0,0,19,0,0,0,0,0,0,0,0,0,6,32,,,,
1415206637.93511,pg_toast,pg_toast_11600,0,0,0,0,0,0,0,0,0,0,0,0,0,0,,,,
1415206637.93511,pg_toast,pg_toast_11590,0,0,0,0,0,0,0,0,0,0,0,0,0,0,,,,
1415206637.93511,information_schema,sql_implementation_info,0,0,,,0,0,0,0,0,0,0,0,,,0,0,0,0
1415206637.93511,pg_catalog,pg_user_mapping,0,0,0,0,0,0,0,0,0,0,0,0,0,0,,,,
1415206637.93511,public,orders,14,120060000,4715471,9851389,15015000,0,0,0,15015000,0,1114712,7160743,99153,14222673,,,,
1415206637.93511,pg_catalog,pg_largeobject,0,0,0,0,0,0,0,0,0,0,0,0,0,0,,,,
1415206637.93511,pg_catalog,pg_namespace,84,504,908,627,0,0,0,0,0,0,2,709,14,1211,,,,
1415206637.93511,information_schema,sql_parts,0,0,,,0,0,0,0,0,0,0,0,,,0,0,0,0
1415206637.93511,pg_catalog,pg_authid,33,33,586,586,0,0,0,0,0,0,3,616,12,1160,,,,
1415206637.93511,pg_catalog,pg_index,131,14695,2294,3171,28,0,0,0,28,0,13,2997,8,2882,,,,
1415206637.93511,pg_catalog,pg_ts_dict,0,0,0,0,0,0,0,0,0,0,0,0,0,0,,,,
1415206637.93511,pg_catalog,pg_class,330,80981,11380,11074,39,1,1,1,38,2,23,13788,15,12820,,,,
1415206637.93511,pg_toast,pg_toast_2396,0,0,0,0,0,0,0,0,0,0,0,0,0,0,,,,
1415206637.93511,pg_catalog,pg_enum,0,0,0,0,0,0,0,0,0,0,0,0,0,0,,,,
1415206637.93511,pg_catalog,pg_db_role_setting,0,0,1050,0,0,0,0,0,0,0,0,0,3,1047,0,0,0,0
1415206637.93511,pg_catalog,pg_seclabel,0,0,4,0,0,0,0,0,0,0,0,0,1,3,0,0,0,0
1415206637.93511,pg_toast,pg_toast_2609,0,0,0,0,0,0,0,0,0,0,0,0,0,0,,,,
1415206637.93511,pg_toast,pg_toast_1255,0,0,0,0,0,0,0,0,0,0,0,0,0,0,,,,
1415206637.93511,pg_catalog,pg_rewrite,0,0,199,196,1,0,1,0,0,1,25,178,8,334,22,173,6,164
1415206637.93511,pg_catalog,pg_ts_config,0,0,0,0,0,0,0,0,0,0,0,0,0,0,,,,
1415206637.93511,pg_catalog,pg_extension,0,0,0,0,0,0,0,0,0,0,0,0,0,0,,,,
1415206637.93511,pg_catalog,pg_amop,0,0,1832,2432,0,0,0,0,0,0,8,2424,13,3982,,,,
1415206637.93511,pg_catalog,pg_cast,0,0,5652,1727,0,0,0,0,0,0,4,1723,4,5897,,,,
1415206637.93511,public,nation,16,200,3312278,3312278,25,0,0,0,25,0,4,3312284,8,3312285,,,,
1415206637.93511,pg_toast,pg_toast_2619,0,0,428,1289,240,0,0,0,240,0,140,861,6,705,,,,
1415206637.93511,pg_toast,pg_toast_11610,0,0,0,0,0,0,0,0,0,0,0,0,0,0,,,,
1415206637.93511,public,region,6393,31940,14,14,5,0,0,0,5,0,3,6401,6,13,,,,
1415206637.93511,pg_toast,pg_toast_2604,0,0,0,0,0,0,0,0,0,0,0,0,0,0,,,,
1415206697.93502,pg_catalog,pg_auth_members,0,0,0,0,0,0,0,0,0,0,0,0,0,0,,,,
1415206697.93502,pg_catalog,pg_operator,0,0,1254,4126,0,0,0,0,0,0,31,3055,21,2859,,,,
1415206697.93502,pg_catalog,pg_aggregate,0,0,79,79,0,0,0,0,0,0,2,77,4,141,,,,
1415206697.93502,pg_catalog,pg_pltemplate,0,0,0,0,0,0,0,0,0,0,0,0,0,0,,,,
1415206697.93502,public,lineitem,23,900148482,805502,56734579,60045669,0,0,0,60045489,0,15912779,11437082,449360,4348479,,,,
1415206697.93502,pg_toast,pg_toast_11615,0,0,0,0,0,0,0,0,0,0,0,0,0,0,,,,
1415206697.93502,public,supplier,12,600000,3312289,3378230,100000,0,0,0,100000,0,8687,3332834,737,6641865,,,,
1415206697.93502,pg_catalog,pg_description,0,0,8,0,0,0,0,0,0,0,0,0,6,12,0,0,0,0
1415206697.93502,pg_catalog,pg_language,0,0,0,0,0,0,0,0,0,0,0,0,0,0,,,,
1415206697.93502,public,part,12,18000000,61,2335887,2000000,0,0,0,2000000,0,173444,450081,6476,157,,,,
1415206697.93502,pg_catalog,pg_ts_parser,0,0,0,0,0,0,0,0,0,0,0,0,0,0,,,,
1415206697.93502,pg_catalog,pg_shseclabel,0,0,0,0,0,0,0,0,0,0,0,0,0,0,,,,
1415206697.93502,public,customer,11,12000000,64,1173481,1500000,0,0,0,1500000,0,111293,573744,3599,148,,,,
1415206697.93502,pg_catalog,pg_foreign_table,0,0,0,0,0,0,0,0,0,0,0,0,0,0,,,,
1415206697.93502,pg_toast,pg_toast_11620,0,0,0,0,0,0,0,0,0,0,0,0,0,0,,,,
1415206697.93502,pg_catalog,pg_attrdef,0,0,0,0,0,0,0,0,0,0,0,0,0,0,0,0,0,0
1415206697.93502,pg_catalog,pg_ts_template,0,0,0,0,0,0,0,0,0,0,0,0,0,0,,,,
1415206697.93502,pg_catalog,pg_foreign_server,0,0,0,0,0,0,0,0,0,0,0,0,0,0,,,,
1415206697.93502,pg_catalog,pg_default_acl,0,0,48,0,0,0,0,0,0,0,0,0,2,46,,,,
1415206697.93502,pg_toast,pg_toast_11595,0,0,0,0,0,0,0,0,0,0,0,0,0,0,,,,
1415206697.93502,public,time_statistics,18,205,,,21,18,0,18,21,18,2,55,,,,,,
1415206697.93502,information_schema,sql_packages,0,0,,,0,0,0,0,0,0,0,0,,,0,0,0,0
1415206697.93502,pg_catalog,pg_attribute,33,219,7654,15008,182,10,4,2,178,12,75,8503,22,16419,,,,
1415206697.93502,pg_catalog,pg_statistic,0,0,1285,992,63,0,0,0,63,0,50,1073,9,2895,151,868,6,717
1415206697.93502,pg_toast,pg_toast_2618,0,0,116,376,0,0,0,0,0,0,25,177,6,170,,,,
1415206697.93502,pg_toast,pg_toast_3596,0,0,0,0,0,0,0,0,0,0,0,0,0,0,,,,
1415206697.93502,information_schema,sql_features,0,0,,,0,0,0,0,0,0,0,0,,,0,0,0,0
1415206697.93502,pg_catalog,pg_depend,0,0,396,384,108,0,18,0,90,18,31,553,41,1263,,,,
1415206697.93502,pg_toast,pg_toast_11605,0,0,0,0,0,0,0,0,0,0,0,0,0,0,,,,
1415206697.93502,pg_catalog,pg_opclass,6,6,1303,14147,0,0,0,0,0,0,4,4646,8,1777,,,,
1415206697.93502,pg_catalog,pg_proc,0,0,2856,4196,0,0,0,0,0,0,88,3255,45,6272,0,0,0,0
1415206697.93502,pg_catalog,pg_trigger,0,0,0,0,0,0,0,0,0,0,0,0,0,0,0,0,0,0
1415206697.93502,information_schema,sql_languages,0,0,,,0,0,0,0,0,0,0,0,,,0,0,0,0
1415206697.93502,pg_catalog,pg_am,354,354,0,0,0,0,0,0,0,0,2,352,0,0,,,,
1415206697.93502,pg_catalog,pg_largeobject_metadata,0,0,0,0,0,0,0,0,0,0,0,0,0,0,,,,
1415206697.93502,pg_catalog,pg_ts_config_map,0,0,0,0,0,0,0,0,0,0,0,0,0,0,,,,
1415206697.93502,pg_catalog,pg_type,0,0,4696,4636,23,0,4,0,19,4,16,4685,20,5176,,,,
1415206697.93502,information_schema,sql_sizing_profiles,0,0,,,0,0,0,0,0,0,0,0,,,0,0,0,0
1415206697.93502,pg_catalog,pg_shdepend,0,0,22,13,0,0,0,0,0,0,2,11,8,30,,,,
1415206697.93502,pg_catalog,pg_conversion,0,0,0,0,0,0,0,0,0,0,0,0,0,0,,,,
1415206697.93502,pg_catalog,pg_foreign_data_wrapper,0,0,0,0,0,0,0,0,0,0,0,0,0,0,,,,
1415206697.93502,pg_catalog,pg_opfamily,0,0,0,0,0,0,0,0,0,0,0,0,0,0,,,,
1415206697.93502,pg_catalog,pg_shdescription,0,0,0,0,0,0,0,0,0,0,0,0,0,0,0,0,0,0
1415206697.93502,pg_catalog,pg_tablespace,2,4,201,201,0,0,0,0,0,0,3,200,6,396,,,,
1415206697.93502,pg_catalog,pg_inherits,0,0,2,0,0,0,0,0,0,0,0,0,2,0,,,,
1415206697.93502,pg_toast,pg_toast_2606,0,0,0,0,0,0,0,0,0,0,0,0,0,0,,,,
1415206697.93502,pg_toast,pg_toast_2964,0,0,0,0,0,0,0,0,0,0,0,0,0,0,,,,
1415206697.93502,pg_catalog,pg_database,91,343,1340,1338,1,0,0,0,1,0,0,1430,12,2047,,,,
1415206697.93502,pg_toast,pg_toast_2620,0,0,0,0,0,0,0,0,0,0,0,0,0,0,,,,
1415206697.93502,information_schema,sql_sizing,0,0,,,0,0,0,0,0,0,0,0,,,0,0,0,0
1415206697.93502,pg_catalog,pg_amproc,6,12,1016,1554,0,0,0,0,0,0,6,1004,6,2352,,,,
1415206697.93502,public,partsupp,5,32000000,56386,10357313,8000000,0,0,0,8000000,0,827507,3326845,42123,155780,,,,
1415206697.93502,pg_catalog,pg_collation,0,0,0,0,0,0,0,0,0,0,0,0,0,0,,,,
1415206697.93502,pg_catalog,pg_constraint,0,0,8,0,8,0,0,0,8,0,5,28,8,64,0,0,0,0
1415206697.93502,pg_catalog,pg_range,0,0,20,0,0,0,0,0,0,0,0,0,6,34,,,,
1415206697.93502,pg_toast,pg_toast_11600,0,0,0,0,0,0,0,0,0,0,0,0,0,0,,,,
1415206697.93502,pg_toast,pg_toast_11590,0,0,0,0,0,0,0,0,0,0,0,0,0,0,,,,
1415206697.93502,information_schema,sql_implementation_info,0,0,,,0,0,0,0,0,0,0,0,,,0,0,0,0
1415206697.93502,pg_catalog,pg_user_mapping,0,0,0,0,0,0,0,0,0,0,0,0,0,0,,,,
1415206697.93502,public,orders,14,120060000,4715471,9851389,15015000,0,0,0,15015000,0,1114712,7160743,99153,14222673,,,,
1415206697.93502,pg_catalog,pg_largeobject,0,0,0,0,0,0,0,0,0,0,0,0,0,0,,,,
1415206697.93502,pg_catalog,pg_namespace,87,522,933,644,0,0,0,0,0,0,2,729,14,1245,,,,
1415206697.93502,information_schema,sql_parts,0,0,,,0,0,0,0,0,0,0,0,,,0,0,0,0
1415206697.93502,pg_catalog,pg_authid,34,34,602,602,0,0,0,0,0,0,3,633,12,1192,,,,
1415206697.93502,pg_catalog,pg_index,135,15247,2356,3257,28,0,0,0,28,0,13,3079,8,2959,,,,
1415206697.93502,pg_catalog,pg_ts_dict,0,0,0,0,0,0,0,0,0,0,0,0,0,0,,,,
1415206697.93502,pg_catalog,pg_class,341,83998,11769,11456,40,2,2,2,38,4,27,14262,15,13249,,,,
1415206697.93502,pg_toast,pg_toast_2396,0,0,0,0,0,0,0,0,0,0,0,0,0,0,,,,
1415206697.93502,pg_catalog,pg_enum,0,0,0,0,0,0,0,0,0,0,0,0,0,0,,,,
1415206697.93502,pg_catalog,pg_db_role_setting,0,0,1080,0,0,0,0,0,0,0,0,0,3,1077,0,0,0,0
1415206697.93502,pg_catalog,pg_seclabel,0,0,8,0,0,0,0,0,0,0,0,0,2,6,0,0,0,0
1415206697.93502,pg_toast,pg_toast_2609,0,0,0,0,0,0,0,0,0,0,0,0,0,0,,,,
1415206697.93502,pg_toast,pg_toast_1255,0,0,0,0,0,0,0,0,0,0,0,0,0,0,,,,
1415206697.93502,pg_catalog,pg_rewrite,0,0,212,206,2,0,2,0,0,2,32,187,10,354,25,177,6,170
1415206697.93502,pg_catalog,pg_ts_config,0,0,0,0,0,0,0,0,0,0,0,0,0,0,,,,
1415206697.93502,pg_catalog,pg_extension,0,0,0,0,0,0,0,0,0,0,0,0,0,0,,,,
1415206697.93502,pg_catalog,pg_amop,0,0,1879,2494,0,0,0,0,0,0,8,2486,14,4086,,,,
1415206697.93502,pg_catalog,pg_cast,0,0,5799,1777,0,0,0,0,0,0,4,1773,4,6052,,,,
1415206697.93502,public,nation,16,200,3312278,3312278,25,0,0,0,25,0,4,3312284,8,3312285,,,,
1415206697.93502,pg_toast,pg_toast_2619,0,0,439,1338,240,0,0,0,240,0,151,868,6,717,,,,
1415206697.93502,pg_toast,pg_toast_11610,0,0,0,0,0,0,0,0,0,0,0,0,0,0,,,,
1415206697.93502,public,region,6393,31940,14,14,5,0,0,0,5,0,3,6401,6,13,,,,
1415206697.93502,pg_toast,pg_toast_2604,0,0,0,0,0,0,0,0,0,0,0,0,0,0,,,,
1415206757.9391,pg_catalog,pg_auth_members,0,0,0,0,0,0,0,0,0,0,0,0,0,0,,,,
1415206757.9391,pg_catalog,pg_operator,0,0,1342,4658,0,0,0,0,0,0,31,3423,22,3054,,,,
1415206757.9391,pg_catalog,pg_aggregate,0,0,86,86,0,0,0,0,0,0,2,84,4,152,,,,
1415206757.9391,pg_catalog,pg_pltemplate,0,0,0,0,0,0,0,0,0,0,0,0,0,0,,,,
1415206757.9391,public,lineitem,24,960194151,826555,71603071,60045669,0,0,0,60045489,0,17172120,12392945,503760,4422165,,,,
1415206757.9391,pg_toast,pg_toast_11615,0,0,0,0,0,0,0,0,0,0,0,0,0,0,,,,
1415206757.9391,public,supplier,12,600000,3312289,3378230,100000,0,0,0,100000,0,8687,3332834,737,6641865,,,,
1415206757.9391,pg_catalog,pg_description,0,0,8,0,0,0,0,0,0,0,0,0,6,12,0,0,0,0
1415206757.9391,pg_catalog,pg_language,0,0,0,0,0,0,0,0,0,0,0,0,0,0,,,,
1415206757.9391,public,part,12,18000000,77,2346413,2000000,0,0,0,2000000,0,182757,450081,7748,717,,,,
1415206757.9391,pg_catalog,pg_ts_parser,0,0,0,0,0,0,0,0,0,0,0,0,0,0,,,,
1415206757.9391,pg_catalog,pg_shseclabel,0,0,0,0,0,0,0,0,0,0,0,0,0,0,,,,
1415206757.9391,public,customer,12,13500000,68,1173485,1500000,0,0,0,1500000,0,146571,573748,3605,155,,,,
1415206757.9391,pg_catalog,pg_foreign_table,0,0,0,0,0,0,0,0,0,0,0,0,0,0,,,,
1415206757.9391,pg_toast,pg_toast_11620,0,0,0,0,0,0,0,0,0,0,0,0,0,0,,,,
1415206757.9391,pg_catalog,pg_attrdef,0,0,0,0,0,0,0,0,0,0,0,0,0,0,0,0,0,0
1415206757.9391,pg_catalog,pg_ts_template,0,0,0,0,0,0,0,0,0,0,0,0,0,0,,,,
1415206757.9391,pg_catalog,pg_foreign_server,0,0,0,0,0,0,0,0,0,0,0,0,0,0,,,,
1415206757.9391,pg_catalog,pg_default_acl,0,0,48,0,0,0,0,0,0,0,0,0,2,46,,,,
1415206757.9391,pg_toast,pg_toast_11595,0,0,0,0,0,0,0,0,0,0,0,0,0,0,,,,
1415206757.9391,public,time_statistics,21,271,,,24,21,0,21,24,21,2,64,,,,,,
1415206757.9391,information_schema,sql_packages,0,0,,,0,0,0,0,0,0,0,0,,,0,0,0,0
1415206757.9391,pg_catalog,pg_attribute,33,219,7953,15566,182,10,4,2,178,12,75,8807,22,17032,,,,
1415206757.9391,pg_catalog,pg_statistic,0,0,1355,1047,63,0,0,0,63,0,52,1126,9,3046,171,893,7,745
1415206757.9391,pg_toast,pg_toast_2618,0,0,120,389,0,0,0,0,0,0,25,184,6,176,,,,
1415206757.9391,pg_toast,pg_toast_3596,0,0,0,0,0,0,0,0,0,0,0,0,0,0,,,,
1415206757.9391,information_schema,sql_features,0,0,,,0,0,0,0,0,0,0,0,,,0,0,0,0
1415206757.9391,pg_catalog,pg_depend,0,0,396,384,108,0,18,0,90,18,31,553,41,1263,,,,
1415206757.9391,pg_toast,pg_toast_11605,0,0,0,0,0,0,0,0,0,0,0,0,0,0,,,,
1415206757.9391,pg_catalog,pg_opclass,6,6,1368,14864,0,0,0,0,0,0,4,4896,8,1863,,,,
1415206757.9391,pg_catalog,pg_proc,0,0,3008,4411,0,0,0,0,0,0,93,3420,47,6607,0,0,0,0
1415206757.9391,pg_catalog,pg_trigger,0,0,0,0,0,0,0,0,0,0,0,0,0,0,0,0,0,0
1415206757.9391,information_schema,sql_languages,0,0,,,0,0,0,0,0,0,0,0,,,0,0,0,0
1415206757.9391,pg_catalog,pg_am,369,369,0,0,0,0,0,0,0,0,2,367,0,0,,,,
1415206757.9391,pg_catalog,pg_largeobject_metadata,0,0,0,0,0,0,0,0,0,0,0,0,0,0,,,,
1415206757.9391,pg_catalog,pg_ts_config_map,0,0,0,0,0,0,0,0,0,0,0,0,0,0,,,,
1415206757.9391,pg_catalog,pg_type,0,0,5022,4962,23,0,4,0,19,4,16,5011,20,5522,,,,
1415206757.9391,information_schema,sql_sizing_profiles,0,0,,,0,0,0,0,0,0,0,0,,,0,0,0,0
1415206757.9391,pg_catalog,pg_shdepend,0,0,22,13,0,0,0,0,0,0,2,11,8,30,,,,
1415206757.9391,pg_catalog,pg_conversion,0,0,0,0,0,0,0,0,0,0,0,0,0,0,,,,
1415206757.9391,pg_catalog,pg_foreign_data_wrapper,0,0,0,0,0,0,0,0,0,0,0,0,0,0,,,,
1415206757.9391,pg_catalog,pg_opfamily,0,0,0,0,0,0,0,0,0,0,0,0,0,0,,,,
1415206757.9391,pg_catalog,pg_shdescription,0,0,0,0,0,0,0,0,0,0,0,0,0,0,0,0,0,0
1415206757.9391,pg_catalog,pg_tablespace,2,4,212,212,0,0,0,0,0,0,3,211,6,418,,,,
1415206757.9391,pg_catalog,pg_inherits,0,0,2,0,0,0,0,0,0,0,0,0,2,0,,,,
1415206757.9391,pg_toast,pg_toast_2606,0,0,0,0,0,0,0,0,0,0,0,0,0,0,,,,
1415206757.9391,pg_toast,pg_toast_2964,0,0,0,0,0,0,0,0,0,0,0,0,0,0,,,,
1415206757.9391,pg_catalog,pg_database,94,355,1396,1394,1,0,0,0,1,0,0,1489,12,2135,,,,
1415206757.9391,pg_toast,pg_toast_2620,0,0,0,0,0,0,0,0,0,0,0,0,0,0,,,,
1415206757.9391,information_schema,sql_sizing,0,0,,,0,0,0,0,0,0,0,0,,,0,0,0,0
1415206757.9391,pg_catalog,pg_amproc,6,12,1065,1628,0,0,0,0,0,0,6,1052,6,2465,,,,
1415206757.9391,public,partsupp,5,32000000,56386,10357313,8000000,0,0,0,8000000,0,827507,3326845,42123,155780,,,,
1415206757.9391,pg_catalog,pg_collation,0,0,0,0,0,0,0,0,0,0,0,0,0,0,,,,
1415206757.9391,pg_catalog,pg_constraint,0,0,8,0,8,0,0,0,8,0,5,28,8,64,0,0,0,0
1415206757.9391,pg_catalog,pg_range,0,0,23,0,0,0,0,0,0,0,0,0,8,38,,,,
1415206757.9391,pg_toast,pg_toast_11600,0,0,0,0,0,0,0,0,0,0,0,0,0,0,,,,
1415206757.9391,pg_toast,pg_toast_11590,0,0,0,0,0,0,0,0,0,0,0,0,0,0,,,,
1415206757.9391,information_schema,sql_implementation_info,0,0,,,0,0,0,0,0,0,0,0,,,0,0,0,0
1415206757.9391,pg_catalog,pg_user_mapping,0,0,0,0,0,0,0,0,0,0,0,0,0,0,,,,
1415206757.9391,public,orders,14,120060000,4715474,10425072,15015000,0,0,0,15015000,0,1304441,7199353,100729,14222674,,,,
1415206757.9391,pg_catalog,pg_largeobject,0,0,0,0,0,0,0,0,0,0,0,0,0,0,,,,
1415206757.9391,pg_catalog,pg_namespace,90,540,974,671,0,0,0,0,0,0,2,759,14,1300,,,,
1415206757.9391,information_schema,sql_parts,0,0,,,0,0,0,0,0,0,0,0,,,0,0,0,0
1415206757.9391,pg_catalog,pg_authid,35,35,630,630,0,0,0,0,0,0,3,662,12,1248,,,,
1415206757.9391,pg_catalog,pg_index,139,15799,2447,3389,28,0,0,0,28,0,13,3192,8,3073,,,,
1415206757.9391,pg_catalog,pg_ts_dict,0,0,0,0,0,0,0,0,0,0,0,0,0,0,,,,
1415206757.9391,pg_catalog,pg_class,352,87015,12220,11894,40,2,2,2,38,4,27,14789,15,13764,,,,
1415206757.9391,pg_toast,pg_toast_2396,0,0,0,0,0,0,0,0,0,0,0,0,0,0,,,,
1415206757.9391,pg_catalog,pg_enum,0,0,0,0,0,0,0,0,0,0,0,0,0,0,,,,
1415206757.9391,pg_catalog,pg_db_role_setting,0,0,1128,0,0,0,0,0,0,0,0,0,3,1125,0,0,0,0
1415206757.9391,pg_catalog,pg_seclabel,0,0,8,0,0,0,0,0,0,0,0,0,2,6,0,0,0,0
1415206757.9391,pg_toast,pg_toast_2609,0,0,0,0,0,0,0,0,0,0,0,0,0,0,,,,
1415206757.9391,pg_toast,pg_toast_1255,0,0,0,0,0,0,0,0,0,0,0,0,0,0,,,,
1415206757.9391,pg_catalog,pg_rewrite,0,0,219,213,2,0,2,0,0,2,32,194,10,366,25,184,6,176
1415206757.9391,pg_catalog,pg_ts_config,0,0,0,0,0,0,0,0,0,0,0,0,0,0,,,,
1415206757.9391,pg_catalog,pg_extension,0,0,0,0,0,0,0,0,0,0,0,0,0,0,,,,
1415206757.9391,pg_catalog,pg_amop,0,0,1983,2644,0,0,0,0,0,0,8,2636,14,4311,,,,
1415206757.9391,pg_catalog,pg_cast,0,0,6195,1871,0,0,0,0,0,0,4,1867,4,6462,,,,
1415206757.9391,public,nation,17,225,3312280,3312280,25,0,0,0,25,0,4,3312287,8,3312288,,,,
1415206757.9391,pg_toast,pg_toast_2619,0,0,465,1441,240,0,0,0,240,0,171,893,7,745,,,,
1415206757.9391,pg_toast,pg_toast_11610,0,0,0,0,0,0,0,0,0,0,0,0,0,0,,,,
1415206757.9391,public,region,6393,31940,14,14,5,0,0,0,5,0,3,6401,6,13,,,,
1415206757.9391,pg_toast,pg_toast_2604,0,0,0,0,0,0,0,0,0,0,0,0,0,0,,,,
1415206817.94207,pg_catalog,pg_auth_members,0,0,0,0,0,0,0,0,0,0,0,0,0,0,,,,
1415206817.94207,pg_catalog,pg_operator,0,0,1383,4797,0,0,0,0,0,0,31,3524,23,3147,,,,
1415206817.94207,pg_catalog,pg_aggregate,0,0,88,88,0,0,0,0,0,0,2,86,4,156,,,,
1415206817.94207,pg_catalog,pg_pltemplate,0,0,0,0,0,0,0,0,0,0,0,0,0,0,,,,
1415206817.94207,public,lineitem,25,1020239820,826559,71603075,60045669,0,0,0,60045489,0,17589188,13042356,503768,4422174,,,,
1415206817.94207,pg_toast,pg_toast_11615,0,0,0,0,0,0,0,0,0,0,0,0,0,0,,,,
1415206817.94207,public,supplier,13,700000,3312293,3378234,100000,0,0,0,100000,0,10863,3332841,739,6641872,,,,
1415206817.94207,pg_catalog,pg_description,0,0,8,0,0,0,0,0,0,0,0,0,6,12,0,0,0,0
1415206817.94207,pg_catalog,pg_language,0,0,0,0,0,0,0,0,0,0,0,0,0,0,,,,
1415206817.94207,public,part,12,18000000,77,2346413,2000000,0,0,0,2000000,0,182757,450081,7748,717,,,,
1415206817.94207,pg_catalog,pg_ts_parser,0,0,0,0,0,0,0,0,0,0,0,0,0,0,,,,
1415206817.94207,pg_catalog,pg_shseclabel,0,0,0,0,0,0,0,0,0,0,0,0,0,0,,,,
1415206817.94207,public,customer,12,13500000,77,1473759,1500000,0,0,0,1500000,0,181846,683877,4441,168,,,,
1415206817.94207,pg_catalog,pg_foreign_table,0,0,0,0,0,0,0,0,0,0,0,0,0,0,,,,
1415206817.94207,pg_toast,pg_toast_11620,0,0,0,0,0,0,0,0,0,0,0,0,0,0,,,,
1415206817.94207,pg_catalog,pg_attrdef,0,0,0,0,0,0,0,0,0,0,0,0,0,0,0,0,0,0
1415206817.94207,pg_catalog,pg_ts_template,0,0,0,0,0,0,0,0,0,0,0,0,0,0,,,,
1415206817.94207,pg_catalog,pg_foreign_server,0,0,0,0,0,0,0,0,0,0,0,0,0,0,,,,
1415206817.94207,pg_catalog,pg_default_acl,0,0,48,0,0,0,0,0,0,0,0,0,2,46,,,,
1415206817.94207,pg_toast,pg_toast_11595,0,0,0,0,0,0,0,0,0,0,0,0,0,0,,,,
1415206817.94207,public,time_statistics,22,295,,,25,22,0,22,25,22,2,67,,,,,,
1415206817.94207,information_schema,sql_packages,0,0,,,0,0,0,0,0,0,0,0,,,0,0,0,0
1415206817.94207,pg_catalog,pg_attribute,33,219,8193,15989,182,10,4,2,178,12,75,9053,22,17521,,,,
1415206817.94207,pg_catalog,pg_statistic,0,0,1401,1084,63,0,0,0,63,0,56,1159,9,3145,180,902,7,759
1415206817.94207,pg_toast,pg_toast_2618,0,0,124,402,0,0,0,0,0,0,28,188,6,182,,,,
1415206817.94207,pg_toast,pg_toast_3596,0,0,0,0,0,0,0,0,0,0,0,0,0,0,,,,
1415206817.94207,information_schema,sql_features,0,0,,,0,0,0,0,0,0,0,0,,,0,0,0,0
1415206817.94207,pg_catalog,pg_depend,0,0,396,384,108,0,18,0,90,18,31,553,41,1263,,,,
1415206817.94207,pg_toast,pg_toast_11605,0,0,0,0,0,0,0,0,0,0,0,0,0,0,,,,
1415206817.94207,pg_catalog,pg_opclass,6,6,1400,15204,0,0,0,0,0,0,4,5013,8,1908,,,,
1415206817.94207,pg_catalog,pg_proc,0,0,3109,4554,0,0,0,0,0,0,98,3532,47,6830,0,0,0,0
1415206817.94207,pg_catalog,pg_trigger,0,0,0,0,0,0,0,0,0,0,0,0,0,0,0,0,0,0
1415206817.94207,information_schema,sql_languages,0,0,,,0,0,0,0,0,0,0,0,,,0,0,0,0
1415206817.94207,pg_catalog,pg_am,378,378,0,0,0,0,0,0,0,0,2,376,0,0,,,,
1415206817.94207,pg_catalog,pg_largeobject_metadata,0,0,0,0,0,0,0,0,0,0,0,0,0,0,,,,
1415206817.94207,pg_catalog,pg_ts_config_map,0,0,0,0,0,0,0,0,0,0,0,0,0,0,,,,
1415206817.94207,pg_catalog,pg_type,0,0,5185,5125,23,0,4,0,19,4,16,5174,21,5695,,,,
1415206817.94207,information_schema,sql_sizing_profiles,0,0,,,0,0,0,0,0,0,0,0,,,0,0,0,0
1415206817.94207,pg_catalog,pg_shdepend,0,0,22,13,0,0,0,0,0,0,2,11,8,30,,,,
1415206817.94207,pg_catalog,pg_conversion,0,0,0,0,0,0,0,0,0,0,0,0,0,0,,,,
1415206817.94207,pg_catalog,pg_foreign_data_wrapper,0,0,0,0,0,0,0,0,0,0,0,0,0,0,,,,
1415206817.94207,pg_catalog,pg_opfamily,0,0,0,0,0,0,0,0,0,0,0,0,0,0,,,,
1415206817.94207,pg_catalog,pg_shdescription,0,0,0,0,0,0,0,0,0,0,0,0,0,0,0,0,0,0
1415206817.94207,pg_catalog,pg_tablespace,2,4,219,219,0,0,0,0,0,0,3,218,6,432,,,,
1415206817.94207,pg_catalog,pg_inherits,0,0,2,0,0,0,0,0,0,0,0,0,2,0,,,,
1415206817.94207,pg_toast,pg_toast_2606,0,0,0,0,0,0,0,0,0,0,0,0,0,0,,,,
1415206817.94207,pg_toast,pg_toast_2964,0,0,0,0,0,0,0,0,0,0,0,0,0,0,,,,
1415206817.94207,pg_catalog,pg_database,97,367,1434,1432,1,0,0,0,1,0,0,1530,12,2193,,,,
1415206817.94207,pg_toast,pg_toast_2620,0,0,0,0,0,0,0,0,0,0,0,0,0,0,,,,
1415206817.94207,information_schema,sql_sizing,0,0,,,0,0,0,0,0,0,0,0,,,0,0,0,0
1415206817.94207,pg_catalog,pg_amproc,6,12,1092,1669,0,0,0,0,0,0,6,1079,6,2528,,,,
1415206817.94207,public,partsupp,5,32000000,56386,10357313,8000000,0,0,0,8000000,0,827507,3326845,42123,155780,,,,
1415206817.94207,pg_catalog,pg_collation,0,0,0,0,0,0,0,0,0,0,0,0,0,0,,,,
1415206817.94207,pg_catalog,pg_constraint,0,0,8,0,8,0,0,0,8,0,5,28,8,64,0,0,0,0
1415206817.94207,pg_catalog,pg_range,0,0,24,0,0,0,0,0,0,0,0,0,8,40,,,,
1415206817.94207,pg_toast,pg_toast_11600,0,0,0,0,0,0,0,0,0,0,0,0,0,0,,,,
1415206817.94207,pg_toast,pg_toast_11590,0,0,0,0,0,0,0,0,0,0,0,0,0,0,,,,
1415206817.94207,information_schema,sql_implementation_info,0,0,,,0,0,0,0,0,0,0,0,,,0,0,0,0
1415206817.94207,pg_catalog,pg_user_mapping,0,0,0,0,0,0,0,0,0,0,0,0,0,0,,,,
1415206817.94207,public,orders,14,120060000,4715479,12703970,15015000,0,0,0,15015000,0,1557949,7199359,106960,14222681,,,,
1415206817.94207,pg_catalog,pg_largeobject,0,0,0,0,0,0,0,0,0,0,0,0,0,0,,,,
1415206817.94207,pg_catalog,pg_namespace,93,558,998,687,0,0,0,0,0,0,2,778,14,1332,,,,
1415206817.94207,information_schema,sql_parts,0,0,,,0,0,0,0,0,0,0,0,,,0,0,0,0
1415206817.94207,pg_catalog,pg_authid,36,36,646,646,0,0,0,0,0,0,3,679,12,1280,,,,
1415206817.94207,pg_catalog,pg_index,143,16351,2510,3477,28,0,0,0,28,0,13,3277,8,3151,,,,
1415206817.94207,pg_catalog,pg_ts_dict,0,0,0,0,0,0,0,0,0,0,0,0,0,0,,,,
1415206817.94207,pg_catalog,pg_class,363,90032,12614,12280,40,2,2,2,38,4,28,15263,15,14200,,,,
1415206817.94207,pg_toast,pg_toast_2396,0,0,0,0,0,0,0,0,0,0,0,0,0,0,,,,
1415206817.94207,pg_catalog,pg_enum,0,0,0,0,0,0,0,0,0,0,0,0,0,0,,,,
1415206817.94207,pg_catalog,pg_db_role_setting,0,0,1158,0,0,0,0,0,0,0,0,0,3,1155,0,0,0,0
1415206817.94207,pg_catalog,pg_seclabel,0,0,8,0,0,0,0,0,0,0,0,0,2,6,0,0,0,0
1415206817.94207,pg_toast,pg_toast_2609,0,0,0,0,0,0,0,0,0,0,0,0,0,0,,,,
1415206817.94207,pg_toast,pg_toast_1255,0,0,0,0,0,0,0,0,0,0,0,0,0,0,,,,
1415206817.94207,pg_catalog,pg_rewrite,0,0,226,220,2,0,2,0,0,2,35,198,10,378,28,188,6,182
1415206817.94207,pg_catalog,pg_ts_config,0,0,0,0,0,0,0,0,0,0,0,0,0,0,,,,
1415206817.94207,pg_catalog,pg_extension,0,0,0,0,0,0,0,0,0,0,0,0,0,0,,,,
1415206817.94207,pg_catalog,pg_amop,0,0,2041,2724,0,0,0,0,0,0,8,2716,15,4437,,,,
1415206817.94207,pg_catalog,pg_cast,0,0,6349,1919,0,0,0,0,0,0,4,1915,4,6624,,,,
1415206817.94207,public,nation,17,225,3312289,3312313,25,0,0,0,25,0,4,3312296,9,3312297,,,,
1415206817.94207,pg_toast,pg_toast_2619,0,0,478,1480,240,0,0,0,240,0,180,902,7,759,,,,
1415206817.94207,pg_toast,pg_toast_11610,0,0,0,0,0,0,0,0,0,0,0,0,0,0,,,,
1415206817.94207,public,region,6394,31945,16,16,5,0,0,0,5,0,4,6403,8,14,,,,
1415206817.94207,pg_toast,pg_toast_2604,0,0,0,0,0,0,0,0,0,0,0,0,0,0,,,,
1415206877.94515,pg_catalog,pg_auth_members,0,0,0,0,0,0,0,0,0,0,0,0,0,0,,,,
1415206877.94515,pg_catalog,pg_operator,0,0,1441,5011,0,0,0,0,0,0,31,3678,24,3278,,,,
1415206877.94515,pg_catalog,pg_aggregate,0,0,91,91,0,0,0,0,0,0,2,89,4,162,,,,
1415206877.94515,pg_catalog,pg_pltemplate,0,0,0,0,0,0,0,0,0,0,0,0,0,0,,,,
1415206877.94515,public,lineitem,25,1020239820,826567,97048734,60045669,0,0,0,60045489,0,19691498,13084224,573269,4422199,,,,
1415206877.94515,pg_toast,pg_toast_11615,0,0,0,0,0,0,0,0,0,0,0,0,0,0,,,,
1415206877.94515,public,supplier,14,800000,3312297,3378238,100000,0,0,0,100000,0,10863,3335024,739,6641881,,,,
1415206877.94515,pg_catalog,pg_description,0,0,8,0,0,0,0,0,0,0,0,0,6,12,0,0,0,0
1415206877.94515,pg_catalog,pg_language,0,0,0,0,0,0,0,0,0,0,0,0,0,0,,,,
1415206877.94515,public,part,12,18000000,77,2346413,2000000,0,0,0,2000000,0,182757,450081,7748,717,,,,
1415206877.94515,pg_catalog,pg_ts_parser,0,0,0,0,0,0,0,0,0,0,0,0,0,0,,,,
1415206877.94515,pg_catalog,pg_shseclabel,0,0,0,0,0,0,0,0,0,0,0,0,0,0,,,,
1415206877.94515,public,customer,12,13500000,83,1593750,1500000,0,0,0,1500000,0,181847,742039,4771,186,,,,
1415206877.94515,pg_catalog,pg_foreign_table,0,0,0,0,0,0,0,0,0,0,0,0,0,0,,,,
1415206877.94515,pg_toast,pg_toast_11620,0,0,0,0,0,0,0,0,0,0,0,0,0,0,,,,
1415206877.94515,pg_catalog,pg_attrdef,0,0,0,0,0,0,0,0,0,0,0,0,0,0,0,0,0,0
1415206877.94515,pg_catalog,pg_ts_template,0,0,0,0,0,0,0,0,0,0,0,0,0,0,,,,
1415206877.94515,pg_catalog,pg_foreign_server,0,0,0,0,0,0,0,0,0,0,0,0,0,0,,,,
1415206877.94515,pg_catalog,pg_default_acl,0,0,48,0,0,0,0,0,0,0,0,0,2,46,,,,
1415206877.94515,pg_toast,pg_toast_11595,0,0,0,0,0,0,0,0,0,0,0,0,0,0,,,,
1415206877.94515,public,time_statistics,24,346,,,27,24,0,24,27,24,2,73,,,,,,
1415206877.94515,information_schema,sql_packages,0,0,,,0,0,0,0,0,0,0,0,,,0,0,0,0
1415206877.94515,pg_catalog,pg_attribute,33,219,8460,16484,182,10,4,2,178,12,75,9326,22,18067,,,,
1415206877.94515,pg_catalog,pg_statistic,0,0,1456,1127,63,0,0,0,63,0,56,1202,9,3264,185,927,7,783
1415206877.94515,pg_toast,pg_toast_2618,0,0,128,415,0,0,0,0,0,0,28,195,6,188,,,,
1415206877.94515,pg_toast,pg_toast_3596,0,0,0,0,0,0,0,0,0,0,0,0,0,0,,,,
1415206877.94515,information_schema,sql_features,0,0,,,0,0,0,0,0,0,0,0,,,0,0,0,0
1415206877.94515,pg_catalog,pg_depend,0,0,396,384,108,0,18,0,90,18,31,553,41,1263,,,,
1415206877.94515,pg_toast,pg_toast_11605,0,0,0,0,0,0,0,0,0,0,0,0,0,0,,,,
1415206877.94515,pg_catalog,pg_opclass,6,6,1443,15631,0,0,0,0,0,0,4,5164,8,1968,,,,
1415206877.94515,pg_catalog,pg_proc,0,0,3231,4732,0,0,0,0,0,0,101,3671,47,7102,0,0,0,0
1415206877.94515,pg_catalog,pg_trigger,0,0,0,0,0,0,0,0,0,0,0,0,0,0,0,0,0,0
1415206877.94515,information_schema,sql_languages,0,0,,,0,0,0,0,0,0,0,0,,,0,0,0,0
1415206877.94515,pg_catalog,pg_am,390,390,0,0,0,0,0,0,0,0,2,388,0,0,,,,
1415206877.94515,pg_catalog,pg_largeobject_metadata,0,0,0,0,0,0,0,0,0,0,0,0,0,0,,,,
1415206877.94515,pg_catalog,pg_ts_config_map,0,0,0,0,0,0,0,0,0,0,0,0,0,0,,,,
1415206877.94515,pg_catalog,pg_type,0,0,5410,5350,23,0,4,0,19,4,17,5398,23,5935,,,,
1415206877.94515,information_schema,sql_sizing_profiles,0,0,,,0,0,0,0,0,0,0,0,,,0,0,0,0
1415206877.94515,pg_catalog,pg_shdepend,0,0,22,13,0,0,0,0,0,0,2,11,8,30,,,,
1415206877.94515,pg_catalog,pg_conversion,0,0,0,0,0,0,0,0,0,0,0,0,0,0,,,,
1415206877.94515,pg_catalog,pg_foreign_data_wrapper,0,0,0,0,0,0,0,0,0,0,0,0,0,0,,,,
1415206877.94515,pg_catalog,pg_opfamily,0,0,0,0,0,0,0,0,0,0,0,0,0,0,,,,
1415206877.94515,pg_catalog,pg_shdescription,0,0,0,0,0,0,0,0,0,0,0,0,0,0,0,0,0,0
1415206877.94515,pg_catalog,pg_tablespace,2,4,228,228,0,0,0,0,0,0,3,227,6,450,,,,
1415206877.94515,pg_catalog,pg_inherits,0,0,2,0,0,0,0,0,0,0,0,0,2,0,,,,
1415206877.94515,pg_toast,pg_toast_2606,0,0,0,0,0,0,0,0,0,0,0,0,0,0,,,,
1415206877.94515,pg_toast,pg_toast_2964,0,0,0,0,0,0,0,0,0,0,0,0,0,0,,,,
1415206877.94515,pg_catalog,pg_database,100,379,1481,1479,1,0,0,0,1,0,0,1580,12,2266,,,,
1415206877.94515,pg_toast,pg_toast_2620,0,0,0,0,0,0,0,0,0,0,0,0,0,0,,,,
1415206877.94515,information_schema,sql_sizing,0,0,,,0,0,0,0,0,0,0,0,,,0,0,0,0
1415206877.94515,pg_catalog,pg_amproc,6,12,1132,1727,0,0,0,0,0,0,6,1117,6,2620,,,,
1415206877.94515,public,partsupp,5,32000000,56386,10357313,8000000,0,0,0,8000000,0,827507,3326845,42123,155780,,,,
1415206877.94515,pg_catalog,pg_collation,0,0,0,0,0,0,0,0,0,0,0,0,0,0,,,,
1415206877.94515,pg_catalog,pg_constraint,0,0,8,0,8,0,0,0,8,0,5,28,8,64,0,0,0,0
1415206877.94515,pg_catalog,pg_range,0,0,26,0,0,0,0,0,0,0,0,0,10,42,,,,
1415206877.94515,pg_toast,pg_toast_11600,0,0,0,0,0,0,0,0,0,0,0,0,0,0,,,,
1415206877.94515,pg_toast,pg_toast_11590,0,0,0,0,0,0,0,0,0,0,0,0,0,0,,,,
1415206877.94515,information_schema,sql_implementation_info,0,0,,,0,0,0,0,0,0,0,0,,,0,0,0,0
1415206877.94515,pg_catalog,pg_user_mapping,0,0,0,0,0,0,0,0,0,0,0,0,0,0,,,,
1415206877.94515,public,orders,16,150090000,4715485,12703976,15015000,0,0,0,15015000,0,1811480,7452878,106961,14222700,,,,
1415206877.94515,pg_catalog,pg_largeobject,0,0,0,0,0,0,0,0,0,0,0,0,0,0,,,,
1415206877.94515,pg_catalog,pg_namespace,96,576,1031,709,0,0,0,0,0,0,2,803,14,1376,,,,
1415206877.94515,information_schema,sql_parts,0,0,,,0,0,0,0,0,0,0,0,,,0,0,0,0
1415206877.94515,pg_catalog,pg_authid,37,37,668,668,0,0,0,0,0,0,3,702,12,1324,,,,
1415206877.94515,pg_catalog,pg_index,147,16903,2589,3590,28,0,0,0,28,0,13,3379,8,3249,,,,
1415206877.94515,pg_catalog,pg_ts_dict,0,0,0,0,0,0,0,0,0,0,0,0,0,0,,,,
1415206877.94515,pg_catalog,pg_class,374,93049,13040,12695,40,2,2,2,38,4,28,15767,15,14680,,,,
1415206877.94515,pg_toast,pg_toast_2396,0,0,0,0,0,0,0,0,0,0,0,0,0,0,,,,
1415206877.94515,pg_catalog,pg_enum,0,0,0,0,0,0,0,0,0,0,0,0,0,0,,,,
1415206877.94515,pg_catalog,pg_db_role_setting,0,0,1197,0,0,0,0,0,0,0,0,0,3,1194,0,0,0,0
1415206877.94515,pg_catalog,pg_seclabel,0,0,8,0,0,0,0,0,0,0,0,0,2,6,0,0,0,0
1415206877.94515,pg_toast,pg_toast_2609,0,0,0,0,0,0,0,0,0,0,0,0,0,0,,,,
1415206877.94515,pg_toast,pg_toast_1255,0,0,0,0,0,0,0,0,0,0,0,0,0,0,,,,
1415206877.94515,pg_catalog,pg_rewrite,0,0,233,227,2,0,2,0,0,2,35,205,10,390,28,195,6,188
1415206877.94515,pg_catalog,pg_ts_config,0,0,0,0,0,0,0,0,0,0,0,0,0,0,,,,
1415206877.94515,pg_catalog,pg_extension,0,0,0,0,0,0,0,0,0,0,0,0,0,0,,,,
1415206877.94515,pg_catalog,pg_amop,0,0,2114,2828,0,0,0,0,0,0,8,2820,15,4597,,,,
1415206877.94515,pg_catalog,pg_cast,0,0,6560,1976,0,0,0,0,0,0,4,1972,4,6846,,,,
1415206877.94515,public,nation,18,250,3312298,3312346,25,0,0,0,25,0,4,3312306,9,3312307,,,,
1415206877.94515,pg_toast,pg_toast_2619,0,0,500,1546,240,0,0,0,240,0,185,927,7,783,,,,
1415206877.94515,pg_toast,pg_toast_11610,0,0,0,0,0,0,0,0,0,0,0,0,0,0,,,,
1415206877.94515,public,region,6394,31945,16,16,5,0,0,0,5,0,4,6403,8,14,,,,
1415206877.94515,pg_toast,pg_toast_2604,0,0,0,0,0,0,0,0,0,0,0,0,0,0,,,,
